YEAR,MONTH_NUM,MONTH_MON,APT_ICAO,APT_NAME,STATE_NAME,TF,VALID_FL,NO_REF,TOTAL_REF_NB_FL,TOTAL_REF_TIME_MIN,TOTAL_ADD_TIME_MIN,COMMENT
2022,01,JAN,LOWW,Vienna,Austria,5461,4623,0,4623,51457.75917,12710.94083,
2022,01,JAN,EBBR,Brussels,Belgium,5297,4116,75,4041,44966.55083,9424.84917,
2022,01,JAN,EBCI,Brussels - Charleroi,Belgium,1853,1189,30,1159,12624.89417,2424.5225,
2022,01,JAN,LBSF,Sofia,Bulgaria,1748,1329,41,1288,13723.27,3778.13,
2022,01,JAN,LDZA,Zagreb,Croatia,1384,1152,31,1121,12347.22083,3112.72917,
2022,01,JAN,LKPR,Prague,Czech Republic,2618,2110,47,2063,22615.77083,5437.49583,
2022,01,JAN,EKCH,Copenhagen - Kastrup,Denmark,5796,4636,147,4489,51450.18,11141.50333,
2022,01,JAN,EETN,Tallinn,Estonia,1290,714,46,668,7045.74333,2271.34,
2022,01,JAN,EFHK,Helsinki - Vantaa,Finland,4834,3324,446,2878,30787.52083,9036.97917,
2022,01,JAN,LFBO,Toulouse-Blagnac,France,1893,1587,54,1533,17868.24417,2923.13917,
2022,01,JAN,LFLL,Lyon-Saint-Exupéry,France,2225,1788,14,1774,19871.84833,4105.835,
2022,01,JAN,LFML,Marseille-Provence,France,2291,1758,19,1739,15183.375,5484.14167,
2022,01,JAN,LFMN,Nice-Côte d’Azur,France,3190,2850,10,2840,31392.53417,9245.6825,
2022,01,JAN,LFPG,Paris - Charles-de-Gaulle,France,12597,10379,16,10363,134104.47167,25384.61167,
2022,01,JAN,LFPO,Paris - Orly,France,5583,4969,66,4903,60528.99,12655.79333,
2022,01,JAN,LFSB,Bâle-Mulhouse,France,2186,1271,24,1247,15117.08917,3100.96083,
2022,01,JAN,UGKO,Kutaisi,Georgia,,,,,,,NO DATA RECEIVED
2022,01,JAN,UGSB,Batumi,Georgia,,,,,,,NO DATA RECEIVED
2022,01,JAN,UGTB,Tbilisi,Georgia,,,,,,,NO DATA RECEIVED
2022,01,JAN,EDDB,Berlin - Brandenburg,Germany,4555,3897,54,3843,47839.97667,9595.90667,
2022,01,JAN,EDDC,Dresden,Germany,214,143,13,130,1528.1000000000001,353.66667,
2022,01,JAN,EDDE,Erfurt,Germany,136,41,41,0,,,NO REF FLIGHT
2022,01,JAN,EDDF,Frankfurt,Germany,12298,10868,167,10701,133121.06,33802.49,
2022,01,JAN,EDDG,Muenster-Osnabrueck,Germany,560,178,14,164,1828.065,682.36833,
2022,01,JAN,EDDH,Hamburg,Germany,2886,2492,119,2373,29112.93083,5147.9525,
2022,01,JAN,EDDK,Cologne-Bonn,Germany,3551,1724,62,1662,18415.67167,4408.61167,
2022,01,JAN,EDDL,Dusseldorf,Germany,3567,3109,7,3102,35482.01083,5911.60583,
2022,01,JAN,EDDM,Munich,Germany,8318,7660,0,7660,87840.3975,24780.56917,
2022,01,JAN,EDDN,Nuremberg,Germany,1145,510,45,465,5634.205,1395.86167,
2022,01,JAN,EDDP,Leipzig-Halle,Germany,2955,1077,78,999,11939.235,2521.7650000000003,
2022,01,JAN,EDDR,Saarbruecken,Germany,77,58,58,0,,,NO REF FLIGHT
2022,01,JAN,EDDS,Stuttgart,Germany,2306,1455,58,1397,15847.2675,2810.34917,
2022,01,JAN,EDDT,Berlin - Tegel,Germany,,,,,,,NO DATA RECEIVED
2022,01,JAN,EDDV,Hanover,Germany,1628,787,146,641,7050.77333,2140.37667,
2022,01,JAN,EDDW,Bremen,Germany,656,373,27,346,4328.635,726.765,
2022,01,JAN,LGAV,Athens,Greece,5421,4425,33,4392,49971.82667,13710.25667,
2022,01,JAN,LHBP,Budapest - Ferihegy,Hungary,3018,2262,60,2202,27708.63167,4984.26833,
2022,01,JAN,BIKF,Keflavik,Iceland,,,,,,,NO DATA RECEIVED
2022,01,JAN,EICK,Cork,Ireland,1426,365,123,242,2681.69167,609.59167,
2022,01,JAN,EIDW,Dublin,Ireland,5473,4186,0,4186,42674.16917,10243.88083,
2022,01,JAN,LLBG,Tel Aviv - Ben Gurion International,Israel,,,,,,,NO DATA RECEIVED
2022,01,JAN,LICC,Catania,Italy,2008,1697,1,1696,18246.33333,5620.18333,
2022,01,JAN,LIMC,Milan - Malpensa,Italy,5751,4358,0,4358,48237.51833,13099.49833,
2022,01,JAN,LIME,Bergamo,Italy,2617,2053,31,2022,24117.99083,5288.10917,
2022,01,JAN,LIMF,Torino Caselle,Italy,,,,,,,DATA ISSUE
2022,01,JAN,LIML,Milan - Linate,Italy,3229,2831,0,2831,28222.50667,7311.59333,
2022,01,JAN,LIPE,Bologna,Italy,,,,,,,NO DATA RECEIVED
2022,01,JAN,LIPZ,Venice,Italy,1689,1358,5,1353,13430.11667,3209.65,
2022,01,JAN,LIRA,Rome - Ciampino,Italy,,,,,,,NO DATA RECEIVED
2022,01,JAN,LIRF,Rome - Fiumicino,Italy,5661,4925,138,4787,50073.57667,12078.80667,
2022,01,JAN,LIRN,Naples,Italy,2015,1725,92,1633,17387.30917,4610.07417,
2022,01,JAN,EVRA,Riga,Latvia,1849,1287,0,1287,14276.10417,3836.47917,
2022,01,JAN,EYVI,Vilnius,Lithuania,,,,,,,NO DATA RECEIVED
2022,01,JAN,ELLX,Luxembourg,Luxembourg,2293,1514,0,1514,17034.91167,3935.0550000000003,
2022,01,JAN,LMML,Malta,Malta,1587,893,97,796,8288.12333,3083.69333,
2022,01,JAN,GMMN,Mohammed V International,Morocco,,,,,,,NO DATA RECEIVED
2022,01,JAN,GMMX,Menara,Morocco,,,,,,,NO DATA RECEIVED
2022,01,JAN,EHAM,Amsterdam - Schiphol,Netherlands,13784,11980,56,11924,141382.2625,36059.55417,
2022,01,JAN,ENBR,Bergen,Norway,,,,,,,NO DATA RECEIVED
2022,01,JAN,ENGM,Oslo - Gardermoen,Norway,5817,4925,51,4874,54563.1075,12493.8425,
2022,01,JAN,ENVA,Trondheim,Norway,,,,,,,NO DATA RECEIVED
2022,01,JAN,ENZV,Stavanger,Norway,,,,,,,NO DATA RECEIVED
2022,01,JAN,EPWA,Warszawa - Chopina,Poland,4732,3847,89,3758,42452.3125,12750.80417,
2022,01,JAN,LPFR,Faro,Portugal,846,720,18,702,8157.2375,1188.4458300000001,
2022,01,JAN,LPPR,Porto,Portugal,2520,2014,8,2006,24599.61417,4073.16917,
2022,01,JAN,LPPT,Lisbon,Portugal,6260,5120,24,5096,65278.82833,16377.93833,
2022,01,JAN,LROP,Bucharest - Otopeni,Romania,3063,2173,58,2115,23641.03333,5615.78333,
2022,01,JAN,LZIB,Bratislava,Slovakia,564,250,19,231,2532.4725000000003,739.7275000000001,
2022,01,JAN,LJLJ,Ljubljana,Slovenia,700,448,1,447,4970.155000000001,1297.77833,
2022,01,JAN,GCFV,Fuerteventura,Spain,1660,1590,120,1470,17185.39333,3961.82333,
2022,01,JAN,GCLP,Gran Canaria,Spain,4552,3605,227,3378,42428.07,12667.78,
2022,01,JAN,GCRR,Lanzarote,Spain,2102,1987,61,1926,23540.23333,5168.11667,
2022,01,JAN,GCTS,Tenerife Sur - Reina Sofia,Spain,2877,2553,13,2540,30665.68,6786.55333,
2022,01,JAN,GCXO,Tenerife North,Spain,2344,1169,4,1165,12582.69667,2617.17,
2022,01,JAN,LEAL,Alicante,Spain,2104,1893,57,1836,22187.185,5176.69833,
2022,01,JAN,LEBB,Bilbao,Spain,1038,787,61,726,8451.11417,1867.41917,
2022,01,JAN,LEBL,Barcelona,Spain,7681,6268,0,6268,73907.13,14039.07,
2022,01,JAN,LEIB,Ibiza,Spain,1067,686,4,682,7630.96667,1413.55,
2022,01,JAN,LEMD,Madrid - Barajas,Spain,11814,9830,14,9816,111773.90333,23857.09667,
2022,01,JAN,LEMG,Málaga,Spain,3753,2992,92,2900,34412.957500000004,8980.70917,
2022,01,JAN,LEPA,Palma de Mallorca,Spain,3373,2401,2,2399,28104.3,4572.4000000000005,
2022,01,JAN,LEVC,Valencia,Spain,1948,1571,0,1571,18389.04167,2980.14167,
2022,01,JAN,LEZL,Sevilla,Spain,1824,1345,27,1318,15321.135,2632.99833,
2022,01,JAN,ESGG,Göteborg,Sweden,1404,1122,55,1067,11256.94167,3663.8250000000003,
2022,01,JAN,ESSA,Stockholm - Arlanda,Sweden,4941,3984,0,3984,45769.3525,10703.81417,
2022,01,JAN,LSGG,Geneva,Switzerland,5552,4758,0,4758,55591.10833,17496.175,
2022,01,JAN,LSZH,Zürich,Switzerland,6343,5486,160,5326,62699.64167,17864.25833,
2022,01,JAN,LTAI,Antalya,Türkiye,,,,,,,NO DATA RECEIVED
2022,01,JAN,LTFJ,Istanbul - Sabiha Gökçen,Türkiye,,,,,,,NO DATA RECEIVED
2022,01,JAN,LTFM,Istanbul,Türkiye,12770,8392,134,8258,106699.93917,32380.31083,
2022,01,JAN,EGBB,Birmingham,United Kingdom,1793,1482,0,1482,17537.88917,3514.7275,
2022,01,JAN,EGCC,Manchester,United Kingdom,,,,,,,NO DATA RECEIVED
2022,01,JAN,EGGD,Bristol,United Kingdom,1526,1074,16,1058,12427.70917,2090.12417,
2022,01,JAN,EGGW,London - Luton,United Kingdom,2948,2341,121,2220,26223.43583,6215.2475,
2022,01,JAN,EGKK,London - Gatwick,United Kingdom,3598,2997,0,2997,37040.5725,6310.69417,
2022,01,JAN,EGLC,London - City,United Kingdom,797,761,48,713,7596.92667,1699.35667,
2022,01,JAN,EGLL,London - Heathrow,United Kingdom,10499,9175,0,9175,112663.00583,36086.94417,
2022,01,JAN,EGNT,Newcastle,United Kingdom,1011,678,36,642,7680.34417,1638.63917,
2022,01,JAN,EGPD,Aberdeen,United Kingdom,1110,898,4,894,10036.10833,2412.44167,
2022,01,JAN,EGPF,Glasgow,United Kingdom,1638,1255,59,1196,14962.84167,3045.29167,
2022,01,JAN,EGPH,Edinburgh,United Kingdom,2177,1751,22,1729,21649.62667,4193.20667,
2022,01,JAN,EGSS,London - Stansted,United Kingdom,4134,3133,26,3107,37817.523330000004,7800.02667,
2022,02,FEB,LOWW,Vienna,Austria,4915,4077,1,4076,45201.54333,9821.09,
2022,02,FEB,EBBR,Brussels,Belgium,4956,3727,231,3496,39225.700000000004,9742.95,
2022,02,FEB,EBCI,Brussels - Charleroi,Belgium,2233,1312,41,1271,13935.86667,3174.41667,
2022,02,FEB,LBSF,Sofia,Bulgaria,1536,1176,42,1134,12136.4775,2961.73917,
2022,02,FEB,LDZA,Zagreb,Croatia,1313,1044,35,1009,11114.6875,3037.6125,
2022,02,FEB,LKPR,Prague,Czech Republic,2573,2111,41,2070,22925.16417,5926.81917,
2022,02,FEB,EKCH,Copenhagen - Kastrup,Denmark,5609,4470,94,4376,50586.45417,11163.4125,
2022,02,FEB,EETN,Tallinn,Estonia,1156,652,27,625,6753.68333,1867.51667,
2022,02,FEB,EFHK,Helsinki - Vantaa,Finland,4268,3006,97,2909,30999.23417,8555.282500000001,
2022,02,FEB,LFBO,Toulouse-Blagnac,France,2057,1750,40,1710,20694.78833,2919.32833,
2022,02,FEB,LFLL,Lyon-Saint-Exupéry,France,2563,2089,62,2027,22769.5825,3961.9175,
2022,02,FEB,LFML,Marseille-Provence,France,2517,1984,84,1900,16568.04167,6692.59167,
2022,02,FEB,LFMN,Nice-Côte d’Azur,France,3510,3142,17,3125,34531.5625,11765.90417,
2022,02,FEB,LFPG,Paris - Charles-de-Gaulle,France,11950,9725,39,9686,125074.11667,24670.75,
2022,02,FEB,LFPO,Paris - Orly,France,5961,5245,91,5154,65594.27333,14128.72667,
2022,02,FEB,LFSB,Bâle-Mulhouse,France,2194,1292,48,1244,14907.30917,3368.39083,
2022,02,FEB,UGKO,Kutaisi,Georgia,,,,,,,NO DATA RECEIVED
2022,02,FEB,UGSB,Batumi,Georgia,,,,,,,NO DATA RECEIVED
2022,02,FEB,UGTB,Tbilisi,Georgia,,,,,,,NO DATA RECEIVED
2022,02,FEB,EDDB,Berlin - Brandenburg,Germany,5016,4228,67,4161,51994.9475,11164.58583,
2022,02,FEB,EDDC,Dresden,Germany,251,178,26,152,1776.6825000000001,528.9675,
2022,02,FEB,EDDE,Erfurt,Germany,187,40,40,0,,,NO REF FLIGHT
2022,02,FEB,EDDF,Frankfurt,Germany,11164,9865,21,9844,123449.52333,39216.36,
2022,02,FEB,EDDG,Muenster-Osnabrueck,Germany,664,177,19,158,1777.79583,597.05417,
2022,02,FEB,EDDH,Hamburg,Germany,2849,2355,103,2252,27983.735,5754.365000000001,
2022,02,FEB,EDDK,Cologne-Bonn,Germany,3513,1702,65,1637,18042.09333,4511.27333,
2022,02,FEB,EDDL,Dusseldorf,Germany,3207,2766,0,2766,31434.11667,7126,
2022,02,FEB,EDDM,Munich,Germany,7525,6901,0,6901,79428.8275,20093.05583,
2022,02,FEB,EDDN,Nuremberg,Germany,1326,502,20,482,5839.7875,1467.0625,
2022,02,FEB,EDDP,Leipzig-Halle,Germany,2912,1014,63,951,11411.8575,2676.3425,
2022,02,FEB,EDDR,Saarbruecken,Germany,115,71,71,0,,,NO REF FLIGHT
2022,02,FEB,EDDS,Stuttgart,Germany,2337,1377,40,1337,14970.82083,2941.07917,
2022,02,FEB,EDDT,Berlin - Tegel,Germany,,,,,,,NO DATA RECEIVED
2022,02,FEB,EDDV,Hanover,Germany,1640,695,110,585,6436.02833,1839.77167,
2022,02,FEB,EDDW,Bremen,Germany,699,371,30,341,4266.84333,801.60667,
2022,02,FEB,LGAV,Athens,Greece,5014,4060,4,4056,46087.56417,12576.2525,
2022,02,FEB,LHBP,Budapest - Ferihegy,Hungary,2870,2148,56,2092,26167.74667,4350.33667,
2022,02,FEB,BIKF,Keflavik,Iceland,,,,,,,NO DATA RECEIVED
2022,02,FEB,EICK,Cork,Ireland,1286,390,126,264,2929.62,903.73,
2022,02,FEB,EIDW,Dublin,Ireland,5766,4426,161,4265,43768.41083,13540.43917,
2022,02,FEB,LLBG,Tel Aviv - Ben Gurion International,Israel,,,,,,,NO DATA RECEIVED
2022,02,FEB,LICC,Catania,Italy,1757,1466,0,1466,15784.66667,4994.9000000000005,
2022,02,FEB,LIMC,Milan - Malpensa,Italy,5449,4170,7,4163,46388.648330000004,12912.11833,
2022,02,FEB,LIME,Bergamo,Italy,2905,2302,47,2255,27380.1625,5843.37083,
2022,02,FEB,LIMF,Torino Caselle,Italy,,,,,,,DATA ISSUE
2022,02,FEB,LIML,Milan - Linate,Italy,2985,2613,15,2598,26379.96667,6787.01667,
2022,02,FEB,LIPE,Bologna,Italy,,,,,,,NO DATA RECEIVED
2022,02,FEB,LIPZ,Venice,Italy,1686,1416,7,1409,14089.17333,3258.71,
2022,02,FEB,LIRA,Rome - Ciampino,Italy,,,,,,,NO DATA RECEIVED
2022,02,FEB,LIRF,Rome - Fiumicino,Italy,5147,4481,40,4441,46888.50083,11725.4325,
2022,02,FEB,LIRN,Naples,Italy,1870,1584,42,1542,16415.52083,4276.9125,
2022,02,FEB,EVRA,Riga,Latvia,1550,1087,0,1087,12202.32417,2831.0925,
2022,02,FEB,EYVI,Vilnius,Lithuania,,,,,,,NO DATA RECEIVED
2022,02,FEB,ELLX,Luxembourg,Luxembourg,2534,1665,0,1665,18830.555,4466.82833,
2022,02,FEB,LMML,Malta,Malta,1695,872,105,767,8018.41,3215.02333,
2022,02,FEB,GMMN,Mohammed V International,Morocco,,,,,,,NO DATA RECEIVED
2022,02,FEB,GMMX,Menara,Morocco,,,,,,,NO DATA RECEIVED
2022,02,FEB,EHAM,Amsterdam - Schiphol,Netherlands,12766,11125,65,11060,132582.8075,38225.82583,
2022,02,FEB,ENBR,Bergen,Norway,,,,,,,NO DATA RECEIVED
2022,02,FEB,ENGM,Oslo - Gardermoen,Norway,5505,4697,44,4653,52770.41,10793.45667,
2022,02,FEB,ENVA,Trondheim,Norway,,,,,,,NO DATA RECEIVED
2022,02,FEB,ENZV,Stavanger,Norway,,,,,,,NO DATA RECEIVED
2022,02,FEB,EPWA,Warszawa - Chopina,Poland,3793,3046,200,2846,32006.60667,7077.56,
2022,02,FEB,LPFR,Faro,Portugal,1064,925,19,906,10498.1425,1315.22417,
2022,02,FEB,LPPR,Porto,Portugal,2509,1961,0,1961,23675.05,3586.48333,
2022,02,FEB,LPPT,Lisbon,Portugal,5982,4902,27,4875,62470.9275,13266.88917,
2022,02,FEB,LROP,Bucharest - Otopeni,Romania,2716,1971,56,1915,21112.53083,4772.9025,
2022,02,FEB,LZIB,Bratislava,Slovakia,657,297,77,220,2446.9275000000002,708.43917,
2022,02,FEB,LJLJ,Ljubljana,Slovenia,606,403,4,399,4421.945000000001,1273.505,
2022,02,FEB,GCFV,Fuerteventura,Spain,1588,1512,34,1478,17451.2475,4260.58583,
2022,02,FEB,GCLP,Gran Canaria,Spain,4146,3212,56,3156,39130.62417,11334.1425,
2022,02,FEB,GCRR,Lanzarote,Spain,2092,1995,5,1990,24513.03333,5202.45,
2022,02,FEB,GCTS,Tenerife Sur - Reina Sofia,Spain,2791,2483,25,2458,29838.89167,6809.675,
2022,02,FEB,GCXO,Tenerife North,Spain,2258,1100,4,1096,11699.7,2378.18333,
2022,02,FEB,LEAL,Alicante,Spain,2146,1963,13,1950,23557.215,5167.46833,
2022,02,FEB,LEBB,Bilbao,Spain,1038,776,67,709,8327.09,1692.81,
2022,02,FEB,LEBL,Barcelona,Spain,7466,6129,0,6129,72216.32917,13842.32083,
2022,02,FEB,LEIB,Ibiza,Spain,1033,647,6,641,7286.425,1354.125,
2022,02,FEB,LEMD,Madrid - Barajas,Spain,11068,9172,44,9128,104310.48167,21678.835,
2022,02,FEB,LEMG,Málaga,Spain,3841,2984,92,2892,34067.52167,7537.82833,
2022,02,FEB,LEPA,Palma de Mallorca,Spain,3417,2501,5,2496,29408.38333,4329.85,
2022,02,FEB,LEVC,Valencia,Spain,1898,1551,0,1551,18303.23083,2808.38583,
2022,02,FEB,LEZL,Sevilla,Spain,1833,1328,32,1296,14793.87583,2328.1075,
2022,02,FEB,ESGG,Göteborg,Sweden,1318,1060,69,991,11137.88833,2983.81167,
2022,02,FEB,ESSA,Stockholm - Arlanda,Sweden,4420,3652,0,3652,42356.075,9318.60833,
2022,02,FEB,LSGG,Geneva,Switzerland,5745,4872,0,4872,56736.950000000004,18649.61667,
2022,02,FEB,LSZH,Zürich,Switzerland,5770,4929,92,4837,57801.225,15231.75833,
2022,02,FEB,LTAI,Antalya,Türkiye,,,,,,,NO DATA RECEIVED
2022,02,FEB,LTFJ,Istanbul - Sabiha Gökçen,Türkiye,,,,,,,NO DATA RECEIVED
2022,02,FEB,LTFM,Istanbul,Türkiye,12956,8524,118,8406,109333.49,29981.86,
2022,02,FEB,EGBB,Birmingham,United Kingdom,1956,1619,0,1619,19243.70917,4457.37417,
2022,02,FEB,EGCC,Manchester,United Kingdom,,,,,,,NO DATA RECEIVED
2022,02,FEB,EGGD,Bristol,United Kingdom,1807,1332,8,1324,15746.55417,3494.17917,
2022,02,FEB,EGGW,London - Luton,United Kingdom,3333,2555,208,2347,28675.62667,10841.87333,
2022,02,FEB,EGKK,London - Gatwick,United Kingdom,4382,3569,0,3569,44054.34167,9655.80833,
2022,02,FEB,EGLC,London - City,United Kingdom,1103,1057,26,1031,10912.17833,3090.72167,
2022,02,FEB,EGLL,London - Heathrow,United Kingdom,7970,6881,0,6881,84183.40583,30032.1275,
2022,02,FEB,EGNT,Newcastle,United Kingdom,1054,716,43,673,8069.25917,1685.6575,
2022,02,FEB,EGPD,Aberdeen,United Kingdom,1088,884,0,884,9918.46667,3052.5,
2022,02,FEB,EGPF,Glasgow,United Kingdom,1727,1343,58,1285,16039.16917,3281.9475,
2022,02,FEB,EGPH,Edinburgh,United Kingdom,2652,2094,31,2063,25814.09,5049.34333,
2022,02,FEB,EGSS,London - Stansted,United Kingdom,5147,3860,24,3836,47089.33333,12958.11667,
2022,03,MAR,LOWW,Vienna,Austria,6538,5511,0,5511,60595.648330000004,13294.21833,
2022,03,MAR,EBBR,Brussels,Belgium,6562,4987,242,4745,54142.2125,9608.40417,
2022,03,MAR,EBCI,Brussels - Charleroi,Belgium,3147,1746,120,1626,18181.76667,3091.3,
2022,03,MAR,LBSF,Sofia,Bulgaria,1849,1400,74,1326,14082.51333,3626.7200000000003,
2022,03,MAR,LDZA,Zagreb,Croatia,1608,1279,22,1257,13843.83083,3373.63583,
2022,03,MAR,LKPR,Prague,Czech Republic,3244,2633,481,2152,22981.335,4315.99833,
2022,03,MAR,EKCH,Copenhagen - Kastrup,Denmark,7183,5825,107,5718,64994.10583,12419.2775,
2022,03,MAR,EETN,Tallinn,Estonia,1482,740,11,729,7867.46167,2158.02167,
2022,03,MAR,EFHK,Helsinki - Vantaa,Finland,5028,3405,110,3295,35296.36667,7357.18333,
2022,03,MAR,LFBO,Toulouse-Blagnac,France,2699,2307,114,2193,25010.15,4479.38333,
2022,03,MAR,LFLL,Lyon-Saint-Exupéry,France,3269,2670,204,2466,27654.02417,4903.55917,
2022,03,MAR,LFML,Marseille-Provence,France,3115,2480,18,2462,21495.99917,8978.3675,
2022,03,MAR,LFMN,Nice-Côte d’Azur,France,4328,3903,23,3880,43401.05917,15095.27417,
2022,03,MAR,LFPG,Paris - Charles-de-Gaulle,France,14892,12176,55,12121,165846.56333,26197.98667,
2022,03,MAR,LFPO,Paris - Orly,France,7513,6652,98,6554,76816.98,12835.92,
2022,03,MAR,LFSB,Bâle-Mulhouse,France,2917,1813,95,1718,20631.99667,3779.52,
2022,03,MAR,UGKO,Kutaisi,Georgia,,,,,,,NO DATA RECEIVED
2022,03,MAR,UGSB,Batumi,Georgia,,,,,,,NO DATA RECEIVED
2022,03,MAR,UGTB,Tbilisi,Georgia,,,,,,,NO DATA RECEIVED
2022,03,MAR,EDDB,Berlin - Brandenburg,Germany,6220,5251,290,4961,55886.46583,10537.45083,
2022,03,MAR,EDDC,Dresden,Germany,436,317,68,249,2644.74917,572.63417,
2022,03,MAR,EDDE,Erfurt,Germany,285,38,38,0,,,NO REF FLIGHT
2022,03,MAR,EDDF,Frankfurt,Germany,13459,12063,60,12003,163237.36417,38190.71917,
2022,03,MAR,EDDG,Muenster-Osnabrueck,Germany,1191,242,24,218,2288.625,581.375,
2022,03,MAR,EDDH,Hamburg,Germany,4137,3285,123,3162,38236.895000000004,8769.37167,
2022,03,MAR,EDDK,Cologne-Bonn,Germany,4474,2356,194,2162,25374.71667,4608.41667,
2022,03,MAR,EDDL,Dusseldorf,Germany,4760,4196,3,4193,51239.37,7757.39667,
2022,03,MAR,EDDM,Munich,Germany,8242,7478,0,7478,83736.90833,16890.20833,
2022,03,MAR,EDDN,Nuremberg,Germany,2000,726,106,620,6939.507500000001,1469.3425,
2022,03,MAR,EDDP,Leipzig-Halle,Germany,3280,1103,375,728,8418.10583,1426.74417,
2022,03,MAR,EDDR,Saarbruecken,Germany,159,100,100,0,,,NO REF FLIGHT
2022,03,MAR,EDDS,Stuttgart,Germany,3496,2050,70,1980,23669.64167,3578.24167,
2022,03,MAR,EDDT,Berlin - Tegel,Germany,,,,,,,NO DATA RECEIVED
2022,03,MAR,EDDV,Hanover,Germany,2627,970,307,663,7053.9000000000005,1680.91667,
2022,03,MAR,EDDW,Bremen,Germany,1236,537,158,379,4597.24,806.17667,
2022,03,MAR,LGAV,Athens,Greece,6232,4974,9,4965,56468.69167,16287.375,
2022,03,MAR,LHBP,Budapest - Ferihegy,Hungary,3555,2653,58,2595,32267.83083,5340.13583,
2022,03,MAR,BIKF,Keflavik,Iceland,,,,,,,NO DATA RECEIVED
2022,03,MAR,EICK,Cork,Ireland,1882,549,176,373,4170.12667,703.69,
2022,03,MAR,EIDW,Dublin,Ireland,7713,6015,215,5800,64166.62667,16192.02333,
2022,03,MAR,LLBG,Tel Aviv - Ben Gurion International,Israel,,,,,,,NO DATA RECEIVED
2022,03,MAR,LICC,Catania,Italy,2303,1928,4,1924,20895.3,7344.86667,
2022,03,MAR,LIMC,Milan - Malpensa,Italy,7032,5498,0,5498,60263.55,14855.15,
2022,03,MAR,LIME,Bergamo,Italy,3448,2754,140,2614,31791.02333,6298.77667,
2022,03,MAR,LIMF,Torino Caselle,Italy,,,,,,,DATA ISSUE
2022,03,MAR,LIML,Milan - Linate,Italy,3848,3351,0,3351,34196.44833,7504.76833,
2022,03,MAR,LIPE,Bologna,Italy,,,,,,,NO DATA RECEIVED
2022,03,MAR,LIPZ,Venice,Italy,2270,1874,7,1867,18544.9,4508.1,
2022,03,MAR,LIRA,Rome - Ciampino,Italy,,,,,,,NO DATA RECEIVED
2022,03,MAR,LIRF,Rome - Fiumicino,Italy,6658,5894,27,5867,61271.4975,15449.302500000002,
2022,03,MAR,LIRN,Naples,Italy,2586,2206,88,2118,22305.57583,5990.14083,
2022,03,MAR,EVRA,Riga,Latvia,1751,1232,0,1232,13455.19833,2845.30167,
2022,03,MAR,EYVI,Vilnius,Lithuania,,,,,,,NO DATA RECEIVED
2022,03,MAR,ELLX,Luxembourg,Luxembourg,3496,2089,0,2089,23499.50167,4718.44833,
2022,03,MAR,LMML,Malta,Malta,2131,1344,62,1282,13418.1225,4690.3275,
2022,03,MAR,GMMN,Mohammed V International,Morocco,,,,,,,NO DATA RECEIVED
2022,03,MAR,GMMX,Menara,Morocco,,,,,,,NO DATA RECEIVED
2022,03,MAR,EHAM,Amsterdam - Schiphol,Netherlands,16151,14139,104,14035,164484.11167,34814.07167,
2022,03,MAR,ENBR,Bergen,Norway,,,,,,,NO DATA RECEIVED
2022,03,MAR,ENGM,Oslo - Gardermoen,Norway,7683,6665,41,6624,74201.3725,15138.71083,
2022,03,MAR,ENVA,Trondheim,Norway,,,,,,,NO DATA RECEIVED
2022,03,MAR,ENZV,Stavanger,Norway,,,,,,,NO DATA RECEIVED
2022,03,MAR,EPWA,Warszawa - Chopina,Poland,4868,3897,14,3883,43347.905,10842.12833,
2022,03,MAR,LPFR,Faro,Portugal,1617,1398,28,1370,15930.985,2611.23167,
2022,03,MAR,LPPR,Porto,Portugal,3272,2577,10,2567,30982.83667,5872.74667,
2022,03,MAR,LPPT,Lisbon,Portugal,7398,6048,52,5996,74528.2,19572.53333,
2022,03,MAR,LROP,Bucharest - Otopeni,Romania,3625,2538,62,2476,26036.90833,6695.64167,
2022,03,MAR,LZIB,Bratislava,Slovakia,996,395,111,284,3109.21667,836.1,
2022,03,MAR,LJLJ,Ljubljana,Slovenia,859,488,2,486,5400.975,1305.19167,
2022,03,MAR,GCFV,Fuerteventura,Spain,2022,1924,45,1879,22214.43417,5385.79917,
2022,03,MAR,GCLP,Gran Canaria,Spain,4936,3813,78,3735,46692.04667,14238.12,
2022,03,MAR,GCRR,Lanzarote,Spain,2590,2415,220,2195,27178.305,5589.37833,
2022,03,MAR,GCTS,Tenerife Sur - Reina Sofia,Spain,3203,2902,16,2886,34515.445,7024.505,
2022,03,MAR,GCXO,Tenerife North,Spain,2765,1350,1,1349,14221.3825,3273.78417,
2022,03,MAR,LEAL,Alicante,Spain,2922,2636,26,2610,31342.24333,8666.00667,
2022,03,MAR,LEBB,Bilbao,Spain,1346,1010,181,829,10123.38417,2006.86583,
2022,03,MAR,LEBL,Barcelona,Spain,9850,8149,1579,6570,83401.8325,20094.50083,
2022,03,MAR,LEIB,Ibiza,Spain,1378,930,1,929,10957.66083,2316.30583,
2022,03,MAR,LEMD,Madrid - Barajas,Spain,13188,10892,121,10771,123753.70417,27438.92917,
2022,03,MAR,LEMG,Málaga,Spain,4747,3760,142,3618,43037.68,11148.55333,
2022,03,MAR,LEPA,Palma de Mallorca,Spain,5214,3994,4,3990,50192.67083,8557.92917,
2022,03,MAR,LEVC,Valencia,Spain,2432,2032,0,2032,24006.64333,4449.20667,
2022,03,MAR,LEZL,Sevilla,Spain,2246,1775,33,1742,19624.31,3292.35667,
2022,03,MAR,ESGG,Göteborg,Sweden,1661,1339,50,1289,14200.60417,3160.19583,
2022,03,MAR,ESSA,Stockholm - Arlanda,Sweden,5800,4823,8,4815,56091.83083,10670.2025,
2022,03,MAR,LSGG,Geneva,Switzerland,7018,5961,0,5961,71195.07167,19380.395,
2022,03,MAR,LSZH,Zürich,Switzerland,7295,6187,260,5927,68922.86,17502.90667,
2022,03,MAR,LTAI,Antalya,Türkiye,,,,,,,NO DATA RECEIVED
2022,03,MAR,LTFJ,Istanbul - Sabiha Gökçen,Türkiye,,,,,,,NO DATA RECEIVED
2022,03,MAR,LTFM,Istanbul,Türkiye,14529,9473,7,9466,121865.45583,34478.76083,
2022,03,MAR,EGBB,Birmingham,United Kingdom,2635,2168,0,2168,26257.59583,5548.77083,
2022,03,MAR,EGCC,Manchester,United Kingdom,,,,,,,NO DATA RECEIVED
2022,03,MAR,EGGD,Bristol,United Kingdom,2261,1706,7,1699,20274.27167,3255.045,
2022,03,MAR,EGGW,London - Luton,United Kingdom,4252,3277,47,3230,43995.18667,12426.69667,
2022,03,MAR,EGKK,London - Gatwick,United Kingdom,6108,5003,41,4962,59969.33333,12899.46667,
2022,03,MAR,EGLC,London - City,United Kingdom,1716,1627,160,1467,17278.8375,3399.64583,
2022,03,MAR,EGLL,London - Heathrow,United Kingdom,14140,12414,30,12384,164120.58333,55340.16667,
2022,03,MAR,EGNT,Newcastle,United Kingdom,1326,925,105,820,9424.04583,1451.45417,
2022,03,MAR,EGPD,Aberdeen,United Kingdom,1509,1239,1,1238,13986.30917,3847.82417,
2022,03,MAR,EGPF,Glasgow,United Kingdom,2321,1817,129,1688,20267.76833,2726.14833,
2022,03,MAR,EGPH,Edinburgh,United Kingdom,3362,2731,113,2618,31147.21833,4567.08167,
2022,03,MAR,EGSS,London - Stansted,United Kingdom,6524,4932,33,4899,61859.70083,17274.6325,
2022,04,APR,LOWW,Vienna,Austria,8116,6832,0,6832,75677.58083,16213.052500000002,
2022,04,APR,EBBR,Brussels,Belgium,7414,5792,204,5588,63630.35667,14225.62667,
2022,04,APR,EBCI,Brussels - Charleroi,Belgium,3092,1938,42,1896,21205.41167,4335.87167,
2022,04,APR,LBSF,Sofia,Bulgaria,2278,1720,81,1639,17681.23167,4668.70167,
2022,04,APR,LDZA,Zagreb,Croatia,1725,1322,34,1288,14201.23583,3452.38083,
2022,04,APR,LKPR,Prague,Czech Republic,3806,3202,123,3079,33984.53833,6041.96167,
2022,04,APR,EKCH,Copenhagen - Kastrup,Denmark,8447,6891,120,6771,77458.31333,15370.75333,
2022,04,APR,EETN,Tallinn,Estonia,1530,766,17,749,7997.47167,2022.37833,
2022,04,APR,EFHK,Helsinki - Vantaa,Finland,5461,3744,44,3700,39028.0925,8833.79083,
2022,04,APR,LFBO,Toulouse-Blagnac,France,2822,2374,30,2344,28352.04333,4460.60667,
2022,04,APR,LFLL,Lyon-Saint-Exupéry,France,3433,2804,17,2787,30917.52417,4904.17583,
2022,04,APR,LFML,Marseille-Provence,France,3652,2985,288,2697,23690.46333,9589.18667,
2022,04,APR,LFMN,Nice-Côte d’Azur,France,5313,4743,104,4639,51817.21,19051.75667,
2022,04,APR,LFPG,Paris - Charles-de-Gaulle,France,16885,13764,145,13619,184946.13667,34723.68,
2022,04,APR,LFPO,Paris - Orly,France,8192,7127,108,7019,84026.28333,17624.9,
2022,04,APR,LFSB,Bâle-Mulhouse,France,3326,2327,222,2105,25305.20167,5294.23167,
2022,04,APR,UGKO,Kutaisi,Georgia,,,,,,,NO DATA RECEIVED
2022,04,APR,UGSB,Batumi,Georgia,,,,,,,NO DATA RECEIVED
2022,04,APR,UGTB,Tbilisi,Georgia,,,,,,,NO DATA RECEIVED
2022,04,APR,EDDB,Berlin - Brandenburg,Germany,7307,6188,71,6117,71507.75167,14390.59833,
2022,04,APR,EDDC,Dresden,Germany,510,399,69,330,3525.85167,776.34833,
2022,04,APR,EDDE,Erfurt,Germany,236,60,60,0,,,NO REF FLIGHT
2022,04,APR,EDDF,Frankfurt,Germany,16177,14546,37,14509,197544.45167,47084.98167,
2022,04,APR,EDDG,Muenster-Osnabrueck,Germany,1057,343,37,306,3308.8450000000003,915.1550000000001,
2022,04,APR,EDDH,Hamburg,Germany,4794,3821,207,3614,43072.57667,8882.05667,
2022,04,APR,EDDK,Cologne-Bonn,Germany,5152,2637,293,2344,26154.9275,5434.8225,
2022,04,APR,EDDL,Dusseldorf,Germany,6118,5163,131,5032,62466.19583,11815.1875,
2022,04,APR,EDDM,Munich,Germany,11995,10799,0,10799,123364.93667,26432.69667,
2022,04,APR,EDDN,Nuremberg,Germany,1991,909,73,836,9779.65167,1880.59833,
2022,04,APR,EDDP,Leipzig-Halle,Germany,3203,1224,244,980,11256.745,2165.93833,
2022,04,APR,EDDR,Saarbruecken,Germany,203,145,145,0,,,NO REF FLIGHT
2022,04,APR,EDDS,Stuttgart,Germany,3829,2420,94,2326,27424.07083,4707.0125,
2022,04,APR,EDDT,Berlin - Tegel,Germany,,,,,,,NO DATA RECEIVED
2022,04,APR,EDDV,Hanover,Germany,2590,1046,192,854,9525.33667,2159.73,
2022,04,APR,EDDW,Bremen,Germany,1369,671,143,528,6470.68167,1233.9850000000001,
2022,04,APR,LGAV,Athens,Greece,7838,5775,19,5756,65035.93083,18025.11917,
2022,04,APR,LHBP,Budapest - Ferihegy,Hungary,4115,3166,52,3114,39191.55333,5951.54667,
2022,04,APR,BIKF,Keflavik,Iceland,,,,,,,NO DATA RECEIVED
2022,04,APR,EICK,Cork,Ireland,1715,631,216,415,4632.8,802.71667,
2022,04,APR,EIDW,Dublin,Ireland,9246,6896,0,6896,76176.64333,27367.57333,
2022,04,APR,LLBG,Tel Aviv - Ben Gurion International,Israel,,,,,,,NO DATA RECEIVED
2022,04,APR,LICC,Catania,Italy,3119,2581,9,2572,27858.41917,10822.7475,
2022,04,APR,LIMC,Milan - Malpensa,Italy,7880,6073,73,6000,64125.5,21164.51667,
2022,04,APR,LIME,Bergamo,Italy,3764,2894,258,2636,31836.68333,7001.28333,
2022,04,APR,LIMF,Torino Caselle,Italy,,,,,,,DATA ISSUE
2022,04,APR,LIML,Milan - Linate,Italy,4152,3646,25,3621,36628.10833,8798.30833,
2022,04,APR,LIPE,Bologna,Italy,,,,,,,NO DATA RECEIVED
2022,04,APR,LIPZ,Venice,Italy,3712,3066,48,3018,30280.70583,10079.61083,
2022,04,APR,LIRA,Rome - Ciampino,Italy,,,,,,,NO DATA RECEIVED
2022,04,APR,LIRF,Rome - Fiumicino,Italy,8872,7811,152,7659,78787.34583,24598.80417,
2022,04,APR,LIRN,Naples,Italy,3803,3175,27,3148,34310.70917,13509.27417,
2022,04,APR,EVRA,Riga,Latvia,2190,1557,7,1550,16860.89417,3405.50583,
2022,04,APR,EYVI,Vilnius,Lithuania,,,,,,,NO DATA RECEIVED
2022,04,APR,ELLX,Luxembourg,Luxembourg,3661,2373,0,2373,26808.51333,5800.22,
2022,04,APR,LMML,Malta,Malta,2702,1739,16,1723,18128.44,7212.44333,
2022,04,APR,GMMN,Mohammed V International,Morocco,,,,,,,NO DATA RECEIVED
2022,04,APR,GMMX,Menara,Morocco,,,,,,,NO DATA RECEIVED
2022,04,APR,EHAM,Amsterdam - Schiphol,Netherlands,17727,15327,148,15179,179605.57583,51588.0575,
2022,04,APR,ENBR,Bergen,Norway,,,,,,,NO DATA RECEIVED
2022,04,APR,ENGM,Oslo - Gardermoen,Norway,8661,7332,42,7290,80751.78083,16103.86917,
2022,04,APR,ENVA,Trondheim,Norway,,,,,,,NO DATA RECEIVED
2022,04,APR,ENZV,Stavanger,Norway,,,,,,,NO DATA RECEIVED
2022,04,APR,EPWA,Warszawa - Chopina,Poland,5324,4213,176,4037,48147.91833,11118.54833,
2022,04,APR,LPFR,Faro,Portugal,2920,2507,24,2483,28791.55167,4216.64833,
2022,04,APR,LPPR,Porto,Portugal,4001,3238,10,3228,38925.0225,8452.24417,
2022,04,APR,LPPT,Lisbon,Portugal,8377,6754,67,6687,82158.63167,24975.96833,
2022,04,APR,LROP,Bucharest - Otopeni,Romania,4483,3006,70,2936,32510.045,8335.32167,
2022,04,APR,LZIB,Bratislava,Slovakia,915,435,108,327,3527.69667,879.03667,
2022,04,APR,LJLJ,Ljubljana,Slovenia,844,539,1,538,5958.25917,1442.34083,
2022,04,APR,GCFV,Fuerteventura,Spain,2057,1971,1,1970,23422.420000000002,5427.11333,
2022,04,APR,GCLP,Gran Canaria,Spain,4958,3811,46,3765,47369.03833,13071.295,
2022,04,APR,GCRR,Lanzarote,Spain,2598,2458,37,2421,30068.99833,5740.035,
2022,04,APR,GCTS,Tenerife Sur - Reina Sofia,Spain,3123,2738,16,2722,32785.67833,6141.6050000000005,
2022,04,APR,GCXO,Tenerife North,Spain,2871,1465,2,1463,15500.8875,3507.24583,
2022,04,APR,LEAL,Alicante,Spain,4166,3508,39,3469,41505.87667,10001.64,
2022,04,APR,LEBB,Bilbao,Spain,1904,1532,140,1392,16327.3775,3180.43917,
2022,04,APR,LEBL,Barcelona,Spain,12210,9851,12,9839,120634.265,30728.36833,
2022,04,APR,LEIB,Ibiza,Spain,2802,2142,5,2137,25054.93333,5314.51667,
2022,04,APR,LEMD,Madrid - Barajas,Spain,14169,11561,206,11355,131160.115,33047.135,
2022,04,APR,LEMG,Málaga,Spain,6361,4952,36,4916,59552.148330000004,15636.235,
2022,04,APR,LEPA,Palma de Mallorca,Spain,10057,8020,2,8018,96061.56167,24045.205,
2022,04,APR,LEVC,Valencia,Spain,3079,2416,0,2416,28410.9,5121.31667,
2022,04,APR,LEZL,Sevilla,Spain,2569,1846,32,1814,20090.94333,3272.7400000000002,
2022,04,APR,ESGG,Göteborg,Sweden,1975,1616,52,1564,16785.06667,4467.26667,
2022,04,APR,ESSA,Stockholm - Arlanda,Sweden,7078,5833,0,5833,66674.10917,12863.9575,
2022,04,APR,LSGG,Geneva,Switzerland,6689,5585,0,5585,66884.07083,18538.112500000003,
2022,04,APR,LSZH,Zürich,Switzerland,8902,7554,234,7320,87687.40000000001,23113.01667,
2022,04,APR,LTAI,Antalya,Türkiye,,,,,,,NO DATA RECEIVED
2022,04,APR,LTFJ,Istanbul - Sabiha Gökçen,Türkiye,,,,,,,NO DATA RECEIVED
2022,04,APR,LTFM,Istanbul,Türkiye,15842,10423,22,10401,135025.17333,31415.37667,
2022,04,APR,EGBB,Birmingham,United Kingdom,3139,2527,0,2527,30127.84333,6038.75667,
2022,04,APR,EGCC,Manchester,United Kingdom,,,,,,,NO DATA RECEIVED
2022,04,APR,EGGD,Bristol,United Kingdom,2736,1901,5,1896,22589.5,3678.18333,
2022,04,APR,EGGW,London - Luton,United Kingdom,5071,3842,50,3792,51600.30083,14996.91583,
2022,04,APR,EGKK,London - Gatwick,United Kingdom,9417,7329,130,7199,87727.98333,29102.58333,
2022,04,APR,EGLC,London - City,United Kingdom,2077,1991,104,1887,21778.96667,4060.08333,
2022,04,APR,EGLL,London - Heathrow,United Kingdom,16369,14379,6,14373,187776.66,66489.54000000001,
2022,04,APR,EGNT,Newcastle,United Kingdom,1687,1100,137,963,10817.19167,1912.4750000000001,
2022,04,APR,EGPD,Aberdeen,United Kingdom,1591,1237,1,1236,13840.567500000001,3412.31583,
2022,04,APR,EGPF,Glasgow,United Kingdom,2616,2014,67,1947,23458.47083,4075.64583,
2022,04,APR,EGPH,Edinburgh,United Kingdom,4092,3222,178,3044,35722.85,6544.86667,
2022,04,APR,EGSS,London - Stansted,United Kingdom,7458,5571,11,5560,72332.13333,18024.51667,
2022,05,MAY,LOWW,Vienna,Austria,9451,8003,0,8003,88408.60083,17305.1325,
2022,05,MAY,EBBR,Brussels,Belgium,8218,6312,59,6253,69498.07333,11885.97667,
2022,05,MAY,EBCI,Brussels - Charleroi,Belgium,3382,2118,49,2069,22874.5,3658.73333,
2022,05,MAY,LBSF,Sofia,Bulgaria,2392,1822,50,1772,18846.16583,4499.3175,
2022,05,MAY,LDZA,Zagreb,Croatia,1863,1422,54,1368,15030.8525,3424.96417,
2022,05,MAY,LKPR,Prague,Czech Republic,4341,3634,0,3634,39096.24333,7033.12333,
2022,05,MAY,EKCH,Copenhagen - Kastrup,Denmark,9511,7700,70,7630,88086.77,17715.29667,
2022,05,MAY,EETN,Tallinn,Estonia,1822,903,19,884,9807.73667,2078.66333,
2022,05,MAY,EFHK,Helsinki - Vantaa,Finland,6249,4197,18,4179,45043.19167,10027.24167,
2022,05,MAY,LFBO,Toulouse-Blagnac,France,2984,2467,53,2414,28866.420000000002,3713.94667,
2022,05,MAY,LFLL,Lyon-Saint-Exupéry,France,3853,3204,0,3204,35331.26583,5747.93417,
2022,05,MAY,LFML,Marseille-Provence,France,4195,3406,262,3144,27740.79917,10692.0675,
2022,05,MAY,LFMN,Nice-Côte d’Azur,France,7055,6258,19,6239,70355.3925,25479.7575,
2022,05,MAY,LFPG,Paris - Charles-de-Gaulle,France,18556,15114,100,15014,200318.0175,34538.04917,
2022,05,MAY,LFPO,Paris - Orly,France,8673,7391,84,7307,90648.42,21508.08,
2022,05,MAY,LFSB,Bâle-Mulhouse,France,3643,2463,68,2395,28936.655,5600.52833,
2022,05,MAY,UGKO,Kutaisi,Georgia,,,,,,,NO DATA RECEIVED
2022,05,MAY,UGSB,Batumi,Georgia,,,,,,,NO DATA RECEIVED
2022,05,MAY,UGTB,Tbilisi,Georgia,,,,,,,NO DATA RECEIVED
2022,05,MAY,EDDB,Berlin - Brandenburg,Germany,7841,6648,82,6566,79664.46333,13068.57,
2022,05,MAY,EDDC,Dresden,Germany,656,530,66,464,5143.60083,859.91583,
2022,05,MAY,EDDE,Erfurt,Germany,334,75,75,0,,,NO REF FLIGHT
2022,05,MAY,EDDF,Frankfurt,Germany,18281,16374,75,16299,216083.22,49102.61333,
2022,05,MAY,EDDG,Muenster-Osnabrueck,Germany,1265,355,34,321,3582.96667,869.13333,
2022,05,MAY,EDDH,Hamburg,Germany,5499,4360,165,4195,51584.19083,9112.942500000001,
2022,05,MAY,EDDK,Cologne-Bonn,Germany,5784,2970,196,2774,29782.612500000003,6064.35417,
2022,05,MAY,EDDL,Dusseldorf,Germany,6899,5584,112,5472,64605.700000000004,10761.63333,
2022,05,MAY,EDDM,Munich,Germany,13555,12098,1,12097,138824.105,30016.12833,
2022,05,MAY,EDDN,Nuremberg,Germany,2545,1226,56,1170,13828.135,2506.68167,
2022,05,MAY,EDDP,Leipzig-Halle,Germany,3562,1442,160,1282,14837.53083,2418.71917,
2022,05,MAY,EDDR,Saarbruecken,Germany,243,174,174,0,,,NO REF FLIGHT
2022,05,MAY,EDDS,Stuttgart,Germany,4642,2762,51,2711,31616.38083,4964.2025,
2022,05,MAY,EDDT,Berlin - Tegel,Germany,,,,,,,NO DATA RECEIVED
2022,05,MAY,EDDV,Hanover,Germany,3039,1288,263,1025,11489.11,2079.70667,
2022,05,MAY,EDDW,Bremen,Germany,1547,772,45,727,8748.79,1356.14333,
2022,05,MAY,LGAV,Athens,Greece,9304,6635,35,6600,74370.93833,20860.77833,
2022,05,MAY,LHBP,Budapest - Ferihegy,Hungary,4446,3425,119,3306,41252.30333,5802.83,
2022,05,MAY,BIKF,Keflavik,Iceland,,,,,,,NO DATA RECEIVED
2022,05,MAY,EICK,Cork,Ireland,1744,690,221,469,5253.68333,1002.68333,
2022,05,MAY,EIDW,Dublin,Ireland,10166,7609,11,7598,80439.28167,34287.41833,
2022,05,MAY,LLBG,Tel Aviv - Ben Gurion International,Israel,,,,,,,NO DATA RECEIVED
2022,05,MAY,LICC,Catania,Italy,3397,2834,7,2827,30843.87167,10776.595,
2022,05,MAY,LIMC,Milan - Malpensa,Italy,8497,6541,14,6527,71072.53667,20166.36333,
2022,05,MAY,LIME,Bergamo,Italy,4016,3125,213,2912,35177.85,6613.91667,
2022,05,MAY,LIMF,Torino Caselle,Italy,,,,,,,DATA ISSUE
2022,05,MAY,LIML,Milan - Linate,Italy,4722,4056,49,4007,40711.5,9439.25,
2022,05,MAY,LIPE,Bologna,Italy,,,,,,,NO DATA RECEIVED
2022,05,MAY,LIPZ,Venice,Italy,3920,3246,31,3215,32393.50417,8390.4125,
2022,05,MAY,LIRA,Rome - Ciampino,Italy,,,,,,,NO DATA RECEIVED
2022,05,MAY,LIRF,Rome - Fiumicino,Italy,9450,8253,13,8240,82994.48417,23154.09917,
2022,05,MAY,LIRN,Naples,Italy,4356,3523,50,3473,38232.93667,14971.99667,
2022,05,MAY,EVRA,Riga,Latvia,2362,1672,7,1665,18378.61167,3257.28833,
2022,05,MAY,EYVI,Vilnius,Lithuania,,,,,,,NO DATA RECEIVED
2022,05,MAY,ELLX,Luxembourg,Luxembourg,4189,2759,0,2759,31322.49167,6160.0250000000005,
2022,05,MAY,LMML,Malta,Malta,2922,1798,24,1774,18671.41917,5710.5975,
2022,05,MAY,GMMN,Mohammed V International,Morocco,,,,,,,NO DATA RECEIVED
2022,05,MAY,GMMX,Menara,Morocco,,,,,,,NO DATA RECEIVED
2022,05,MAY,EHAM,Amsterdam - Schiphol,Netherlands,20335,17501,51,17450,204553.46333,41212.78667,
2022,05,MAY,ENBR,Bergen,Norway,,,,,,,NO DATA RECEIVED
2022,05,MAY,ENGM,Oslo - Gardermoen,Norway,10000,8520,48,8472,95610.80667,20804.47667,
2022,05,MAY,ENVA,Trondheim,Norway,,,,,,,NO DATA RECEIVED
2022,05,MAY,ENZV,Stavanger,Norway,,,,,,,NO DATA RECEIVED
2022,05,MAY,EPWA,Warszawa - Chopina,Poland,6646,5425,23,5402,61240.41,14434.82333,
2022,05,MAY,LPFR,Faro,Portugal,3251,2815,19,2796,32172.03333,3719.28333,
2022,05,MAY,LPPR,Porto,Portugal,4327,3438,19,3419,40771.61083,9518.43917,
2022,05,MAY,LPPT,Lisbon,Portugal,8971,7204,1069,6135,77143.53167,19690.685,
2022,05,MAY,LROP,Bucharest - Otopeni,Romania,4579,3162,81,3081,32502.49667,7229.83667,
2022,05,MAY,LZIB,Bratislava,Slovakia,1116,506,13,493,5328.21667,1239.9,
2022,05,MAY,LJLJ,Ljubljana,Slovenia,928,611,2,609,6816.77667,1507.24,
2022,05,MAY,GCFV,Fuerteventura,Spain,1828,1738,0,1738,20602.955,4468.595,
2022,05,MAY,GCLP,Gran Canaria,Spain,4446,3296,44,3252,40278.73333,10294,
2022,05,MAY,GCRR,Lanzarote,Spain,2483,2318,22,2296,28425.07417,5331.6425,
2022,05,MAY,GCTS,Tenerife Sur - Reina Sofia,Spain,2582,2166,11,2155,25920.35333,4070.98,
2022,05,MAY,GCXO,Tenerife North,Spain,2914,1458,2,1456,15406.385,3411.13167,
2022,05,MAY,LEAL,Alicante,Spain,4345,3599,11,3588,43141.41667,9185.38333,
2022,05,MAY,LEBB,Bilbao,Spain,2067,1660,143,1517,17771.34167,2810.89167,
2022,05,MAY,LEBL,Barcelona,Spain,13175,10656,0,10656,128570.83333,31443.43333,
2022,05,MAY,LEIB,Ibiza,Spain,3969,3133,6,3127,36970.450000000004,7164.23333,
2022,05,MAY,LEMD,Madrid - Barajas,Spain,15119,12334,188,12146,140195.93333,32189.75,
2022,05,MAY,LEMG,Málaga,Spain,6957,5440,35,5405,63896.87333,14812.09333,
2022,05,MAY,LEPA,Palma de Mallorca,Spain,11925,9478,0,9478,110900.18583,22791.2975,
2022,05,MAY,LEVC,Valencia,Spain,3234,2498,0,2498,29630.71833,4636.43167,
2022,05,MAY,LEZL,Sevilla,Spain,2811,1954,35,1919,21405.49667,2988.13667,
2022,05,MAY,ESGG,Göteborg,Sweden,2297,1887,75,1812,20617.350000000002,4195.73333,
2022,05,MAY,ESSA,Stockholm - Arlanda,Sweden,8169,6708,0,6708,77223.15333,15236.18,
2022,05,MAY,LSGG,Geneva,Switzerland,7021,5829,0,5829,69218.27833,19773.97167,
2022,05,MAY,LSZH,Zürich,Switzerland,10103,8483,189,8294,99093.20417,25746.37917,
2022,05,MAY,LTAI,Antalya,Türkiye,,,,,,,NO DATA RECEIVED
2022,05,MAY,LTFJ,Istanbul - Sabiha Gökçen,Türkiye,,,,,,,NO DATA RECEIVED
2022,05,MAY,LTFM,Istanbul,Türkiye,18758,12176,10,12166,154132.3025,39209.0975,
2022,05,MAY,EGBB,Birmingham,United Kingdom,3815,2895,0,2895,34607.53083,7350.68583,
2022,05,MAY,EGCC,Manchester,United Kingdom,,,,,,,NO DATA RECEIVED
2022,05,MAY,EGGD,Bristol,United Kingdom,3361,2220,6,2214,26566.09917,4396.83417,
2022,05,MAY,EGGW,London - Luton,United Kingdom,5776,4323,16,4307,57474.25833,17088.45833,
2022,05,MAY,EGKK,London - Gatwick,United Kingdom,10977,8385,381,8004,98126.71,37783.82333,
2022,05,MAY,EGLC,London - City,United Kingdom,2418,2290,43,2247,23845.72333,4439.51,
2022,05,MAY,EGLL,London - Heathrow,United Kingdom,17665,15524,9,15515,196484.79583,79181.7375,
2022,05,MAY,EGNT,Newcastle,United Kingdom,2135,1345,105,1240,14478.925,2632.75833,
2022,05,MAY,EGPD,Aberdeen,United Kingdom,1696,1357,0,1357,15162.3825,4075.83417,
2022,05,MAY,EGPF,Glasgow,United Kingdom,3195,2377,38,2339,28339.66667,5716.2,
2022,05,MAY,EGPH,Edinburgh,United Kingdom,4662,3626,189,3437,41367.69833,7715.10167,
2022,05,MAY,EGSS,London - Stansted,United Kingdom,8237,6115,17,6098,76546.75,15983.96667,
2022,06,JUN,LOWW,Vienna,Austria,9923,8231,0,8231,90662.14,18448.56,
2022,06,JUN,EBBR,Brussels,Belgium,8051,6100,51,6049,68863.91333,12204.53667,
2022,06,JUN,EBCI,Brussels - Charleroi,Belgium,3270,1994,48,1946,21672.12,3598.33,
2022,06,JUN,LBSF,Sofia,Bulgaria,2370,1760,81,1679,17962.02333,4275.21,
2022,06,JUN,LDZA,Zagreb,Croatia,1876,1421,34,1387,15106.89167,3299.55833,
2022,06,JUN,LKPR,Prague,Czech Republic,5023,3981,0,3981,42716.44333,8078.47333,
2022,06,JUN,EKCH,Copenhagen - Kastrup,Denmark,9548,7482,83,7399,85260.065,15063.90167,
2022,06,JUN,EETN,Tallinn,Estonia,1804,858,16,842,9268.77167,1413.56167,
2022,06,JUN,EFHK,Helsinki - Vantaa,Finland,5949,3911,2,3909,41968.7275,7933.10583,
2022,06,JUN,LFBO,Toulouse-Blagnac,France,3105,2616,89,2527,30147.9625,4346.90417,
2022,06,JUN,LFLL,Lyon-Saint-Exupéry,France,3762,3085,9,3076,34438.66667,5975.88333,
2022,06,JUN,LFML,Marseille-Provence,France,4203,3374,72,3302,29060.11,11309.32333,
2022,06,JUN,LFMN,Nice-Côte d’Azur,France,7089,6287,57,6230,70138.8,23171.78333,
2022,06,JUN,LFPG,Paris - Charles-de-Gaulle,France,18665,14855,104,14751,196862.9225,30224.61083,
2022,06,JUN,LFPO,Paris - Orly,France,8966,7713,78,7635,94337.45,15332.43333,
2022,06,JUN,LFSB,Bâle-Mulhouse,France,3879,2593,59,2534,30567.30167,6543.34833,
2022,06,JUN,UGKO,Kutaisi,Georgia,,,,,,,NO DATA RECEIVED
2022,06,JUN,UGSB,Batumi,Georgia,,,,,,,NO DATA RECEIVED
2022,06,JUN,UGTB,Tbilisi,Georgia,,,,,,,NO DATA RECEIVED
2022,06,JUN,EDDB,Berlin - Brandenburg,Germany,7740,6471,85,6386,77145.785,11828.48167,
2022,06,JUN,EDDC,Dresden,Germany,564,456,60,396,4358.66667,762.0500000000001,
2022,06,JUN,EDDE,Erfurt,Germany,363,71,71,0,,,NO REF FLIGHT
2022,06,JUN,EDDF,Frankfurt,Germany,17941,15976,67,15909,207706.01,39465.70667,
2022,06,JUN,EDDG,Muenster-Osnabrueck,Germany,1280,375,50,325,3591.4,688.11667,
2022,06,JUN,EDDH,Hamburg,Germany,5390,4124,209,3915,47029.16,8020.20667,
2022,06,JUN,EDDK,Cologne-Bonn,Germany,5945,2962,165,2797,31670.70333,5401.31333,
2022,06,JUN,EDDL,Dusseldorf,Germany,7088,5643,729,4914,58889.88833,9593.145,
2022,06,JUN,EDDM,Munich,Germany,13842,12054,0,12054,138721.80667,28733.260000000002,
2022,06,JUN,EDDN,Nuremberg,Germany,2743,1298,48,1250,14926.89167,2667.275,
2022,06,JUN,EDDP,Leipzig-Halle,Germany,3464,1412,87,1325,15420.7625,2247.7375,
2022,06,JUN,EDDR,Saarbruecken,Germany,279,204,204,0,,,NO REF FLIGHT
2022,06,JUN,EDDS,Stuttgart,Germany,4541,2929,58,2871,33679.04667,4978.22,
2022,06,JUN,EDDT,Berlin - Tegel,Germany,,,,,,,NO DATA RECEIVED
2022,06,JUN,EDDV,Hanover,Germany,3358,1284,132,1152,12782.6825,2356.78417,
2022,06,JUN,EDDW,Bremen,Germany,1563,762,51,711,8423.5725,1359.64417,
2022,06,JUN,LGAV,Athens,Greece,10855,7248,37,7211,81142.29917,25634.40083,
2022,06,JUN,LHBP,Budapest - Ferihegy,Hungary,4705,3574,121,3453,42817.15167,6590.68167,
2022,06,JUN,BIKF,Keflavik,Iceland,,,,,,,NO DATA RECEIVED
2022,06,JUN,EICK,Cork,Ireland,1643,758,232,526,5794,1165.6166699999999,
2022,06,JUN,EIDW,Dublin,Ireland,10163,7503,0,7503,81706.71167,36291.22167,
2022,06,JUN,LLBG,Tel Aviv - Ben Gurion International,Israel,,,,,,,NO DATA RECEIVED
2022,06,JUN,LICC,Catania,Italy,3622,2994,17,2977,32426.26667,11964.93333,
2022,06,JUN,LIMC,Milan - Malpensa,Italy,8666,6610,53,6557,70487.53667,27617.91333,
2022,06,JUN,LIME,Bergamo,Italy,4020,3027,78,2949,35338.25,7031.9000000000005,
2022,06,JUN,LIMF,Torino Caselle,Italy,,,,,,,DATA ISSUE
2022,06,JUN,LIML,Milan - Linate,Italy,4988,4222,22,4200,42762.55,12140.96667,
2022,06,JUN,LIPE,Bologna,Italy,,,,,,,NO DATA RECEIVED
2022,06,JUN,LIPZ,Venice,Italy,4242,3475,39,3436,34782.45833,9063.59167,
2022,06,JUN,LIRA,Rome - Ciampino,Italy,,,,,,,NO DATA RECEIVED
2022,06,JUN,LIRF,Rome - Fiumicino,Italy,10045,8647,44,8603,89618.36167,25647.92167,
2022,06,JUN,LIRN,Naples,Italy,4751,3780,79,3701,41064.23667,21107.86333,
2022,06,JUN,EVRA,Riga,Latvia,2406,1623,6,1617,17860.72917,3017.1375000000003,
2022,06,JUN,EYVI,Vilnius,Lithuania,,,,,,,NO DATA RECEIVED
2022,06,JUN,ELLX,Luxembourg,Luxembourg,4197,2715,0,2715,30987.26667,5789.03333,
2022,06,JUN,LMML,Malta,Malta,3027,1861,32,1829,19238.64583,5117.8375000000005,
2022,06,JUN,GMMN,Mohammed V International,Morocco,,,,,,,NO DATA RECEIVED
2022,06,JUN,GMMX,Menara,Morocco,,,,,,,NO DATA RECEIVED
2022,06,JUN,EHAM,Amsterdam - Schiphol,Netherlands,19772,16878,84,16794,198288.96833,41186.165,
2022,06,JUN,ENBR,Bergen,Norway,,,,,,,NO DATA RECEIVED
2022,06,JUN,ENGM,Oslo - Gardermoen,Norway,9983,8169,103,8066,92324.58,18573.32,
2022,06,JUN,ENVA,Trondheim,Norway,,,,,,,NO DATA RECEIVED
2022,06,JUN,ENZV,Stavanger,Norway,,,,,,,NO DATA RECEIVED
2022,06,JUN,EPWA,Warszawa - Chopina,Poland,7255,5773,4,5769,64444.97667,15464.37333,
2022,06,JUN,LPFR,Faro,Portugal,3312,2873,24,2849,32480,4240.28333,
2022,06,JUN,LPPR,Porto,Portugal,4309,3415,23,3392,40227.2625,9589.72083,
2022,06,JUN,LPPT,Lisbon,Portugal,9321,7345,330,7015,87005.9675,24317.66583,
2022,06,JUN,LROP,Bucharest - Otopeni,Romania,4820,3345,18,3327,34471.9625,7971.75417,
2022,06,JUN,LZIB,Bratislava,Slovakia,1344,637,42,595,6250.80333,1305.39667,
2022,06,JUN,LJLJ,Ljubljana,Slovenia,1056,676,0,676,7522.57333,1737.84333,
2022,06,JUN,GCFV,Fuerteventura,Spain,1790,1706,1,1705,20293.58083,4606.8025,
2022,06,JUN,GCLP,Gran Canaria,Spain,4327,3130,31,3099,38512.0525,9911.8475,
2022,06,JUN,GCRR,Lanzarote,Spain,2468,2314,22,2292,28375.5,5185.03333,
2022,06,JUN,GCTS,Tenerife Sur - Reina Sofia,Spain,2615,2115,9,2106,25525.79833,3757.2850000000003,
2022,06,JUN,GCXO,Tenerife North,Spain,2784,1360,1,1359,14234.3675,2734.1325,
2022,06,JUN,LEAL,Alicante,Spain,4366,3560,3,3557,42867.83333,9416.43333,
2022,06,JUN,LEBB,Bilbao,Spain,2146,1719,146,1573,18268.0825,2750.23417,
2022,06,JUN,LEBL,Barcelona,Spain,13159,10513,3,10510,125985.645,31344.93833,
2022,06,JUN,LEIB,Ibiza,Spain,5182,4113,11,4102,47482.93333,10270.88333,
2022,06,JUN,LEMD,Madrid - Barajas,Spain,15024,11995,292,11703,136189.30417,31917.9625,
2022,06,JUN,LEMG,Málaga,Spain,6920,5420,30,5390,65197.16,17895.94,
2022,06,JUN,LEPA,Palma de Mallorca,Spain,12962,10223,16,10207,113822.09,28249.12667,
2022,06,JUN,LEVC,Valencia,Spain,3333,2538,0,2538,30310.13583,5004.26417,
2022,06,JUN,LEZL,Sevilla,Spain,2742,1862,14,1848,20080.14,2635.64333,
2022,06,JUN,ESGG,Göteborg,Sweden,2358,1836,78,1758,20538.74333,3462.04,
2022,06,JUN,ESSA,Stockholm - Arlanda,Sweden,8185,6492,0,6492,76306.72167,12426.77833,
2022,06,JUN,LSGG,Geneva,Switzerland,6869,5681,0,5681,66533.35333,18664.21333,
2022,06,JUN,LSZH,Zürich,Switzerland,10019,8371,93,8278,99800.73583,25282.31417,
2022,06,JUN,LTAI,Antalya,Türkiye,,,,,,,NO DATA RECEIVED
2022,06,JUN,LTFJ,Istanbul - Sabiha Gökçen,Türkiye,,,,,,,NO DATA RECEIVED
2022,06,JUN,LTFM,Istanbul,Türkiye,19254,12580,13,12567,156681.6475,43512.93583,
2022,06,JUN,EGBB,Birmingham,United Kingdom,4118,3020,0,3020,36652.52167,7427.645,
2022,06,JUN,EGCC,Manchester,United Kingdom,,,,,,,NO DATA RECEIVED
2022,06,JUN,EGGD,Bristol,United Kingdom,3477,2303,10,2293,27299.307500000003,4683.342500000001,
2022,06,JUN,EGGW,London - Luton,United Kingdom,5828,4365,22,4343,58896.36833,18727.38167,
2022,06,JUN,EGKK,London - Gatwick,United Kingdom,11009,8304,177,8127,99483.65000000001,39229.13333,
2022,06,JUN,EGLC,London - City,United Kingdom,2279,2151,54,2097,22561.385000000002,4128.23167,
2022,06,JUN,EGLL,London - Heathrow,United Kingdom,17440,15176,23,15153,194854.69333,67432.24,
2022,06,JUN,EGNT,Newcastle,United Kingdom,2177,1330,123,1207,13950.68667,1822.58,
2022,06,JUN,EGPD,Aberdeen,United Kingdom,1664,1334,3,1331,14856.79667,3556.52,
2022,06,JUN,EGPF,Glasgow,United Kingdom,3123,2269,85,2184,26172.33917,4793.91083,
2022,06,JUN,EGPH,Edinburgh,United Kingdom,4847,3713,172,3541,42730.14083,7125.07583,
2022,06,JUN,EGSS,London - Stansted,United Kingdom,8354,6034,30,6004,77423.17917,14479.587500000001,
2022,07,JUL,LOWW,Vienna,Austria,10419,8500,0,8500,92536.21,19205.02333,
2022,07,JUL,EBBR,Brussels,Belgium,9088,6822,25,6797,75919.785,12857.49833,
2022,07,JUL,EBCI,Brussels - Charleroi,Belgium,3553,2192,52,2140,23675.54667,3740.70333,
2022,07,JUL,LBSF,Sofia,Bulgaria,2510,1865,89,1776,18667.82167,4135.16167,
2022,07,JUL,LDZA,Zagreb,Croatia,1944,1470,25,1445,15700.26583,2995.33417,
2022,07,JUL,LKPR,Prague,Czech Republic,5235,4126,0,4126,45746.80417,8633.94583,
2022,07,JUL,EKCH,Copenhagen - Kastrup,Denmark,9350,7023,74,6949,80599.28333,14368.95,
2022,07,JUL,EETN,Tallinn,Estonia,1754,863,22,841,9430.235,1600.515,
2022,07,JUL,EFHK,Helsinki - Vantaa,Finland,5965,3883,30,3853,41875.41417,8167.58583,
2022,07,JUL,LFBO,Toulouse-Blagnac,France,2658,2093,27,2066,24417.335,2908.3650000000002,
2022,07,JUL,LFLL,Lyon-Saint-Exupéry,France,3672,2934,4,2930,31336.70833,4448.375,
2022,07,JUL,LFML,Marseille-Provence,France,4712,3709,109,3600,31604.88083,11423.0025,
2022,07,JUL,LFMN,Nice-Côte d’Azur,France,8560,7614,34,7580,85686.51833,31072.84833,
2022,07,JUL,LFPG,Paris - Charles-de-Gaulle,France,19725,15462,118,15344,204464.83667,31096.21333,
2022,07,JUL,LFPO,Paris - Orly,France,9688,8236,72,8164,100680.08667,15427.99667,
2022,07,JUL,LFSB,Bâle-Mulhouse,France,3998,2566,67,2499,30138.79167,6654.39167,
2022,07,JUL,UGKO,Kutaisi,Georgia,,,,,,,NO DATA RECEIVED
2022,07,JUL,UGSB,Batumi,Georgia,,,,,,,NO DATA RECEIVED
2022,07,JUL,UGTB,Tbilisi,Georgia,,,,,,,NO DATA RECEIVED
2022,07,JUL,EDDB,Berlin - Brandenburg,Germany,7583,6279,80,6199,75897.725,11247.84167,
2022,07,JUL,EDDC,Dresden,Germany,576,458,51,407,4564.9025,886.68083,
2022,07,JUL,EDDE,Erfurt,Germany,314,67,67,0,,,NO REF FLIGHT
2022,07,JUL,EDDF,Frankfurt,Germany,17499,15484,85,15399,198035.48417,37042.91583,
2022,07,JUL,EDDG,Muenster-Osnabrueck,Germany,1254,300,23,277,3087.82833,641.255,
2022,07,JUL,EDDH,Hamburg,Germany,5390,4143,96,4047,49434.130000000005,8295.82,
2022,07,JUL,EDDK,Cologne-Bonn,Germany,6086,2951,162,2789,30174.91417,5528.98583,
2022,07,JUL,EDDL,Dusseldorf,Germany,7086,5568,711,4857,58148.58333,8249.56667,
2022,07,JUL,EDDM,Munich,Germany,13134,11451,0,11451,131649.63417,25344.99917,
2022,07,JUL,EDDN,Nuremberg,Germany,2709,1247,24,1223,14602.815,2736.00167,
2022,07,JUL,EDDP,Leipzig-Halle,Germany,3557,1449,81,1368,15913.26917,2542.9475,
2022,07,JUL,EDDR,Saarbruecken,Germany,318,221,221,0,,,NO REF FLIGHT
2022,07,JUL,EDDS,Stuttgart,Germany,4573,2838,57,2781,32576.42083,4785.62917,
2022,07,JUL,EDDT,Berlin - Tegel,Germany,,,,,,,NO DATA RECEIVED
2022,07,JUL,EDDV,Hanover,Germany,3141,1227,60,1167,12736.97417,2217.87583,
2022,07,JUL,EDDW,Bremen,Germany,1428,705,35,670,7978.695000000001,1234.055,
2022,07,JUL,LGAV,Athens,Greece,12298,8082,0,8082,89843.59417,28908.50583,
2022,07,JUL,LHBP,Budapest - Ferihegy,Hungary,4692,3587,118,3469,43312.055,5776.97833,
2022,07,JUL,BIKF,Keflavik,Iceland,,,,,,,NO DATA RECEIVED
2022,07,JUL,EICK,Cork,Ireland,1717,747,186,561,6158.59333,1045.80667,
2022,07,JUL,EIDW,Dublin,Ireland,10235,7556,1,7555,80830.92917,28874.07083,
2022,07,JUL,LLBG,Tel Aviv - Ben Gurion International,Israel,,,,,,,NO DATA RECEIVED
2022,07,JUL,LICC,Catania,Italy,4208,3507,35,3472,37898.200000000004,14271.28333,
2022,07,JUL,LIMC,Milan - Malpensa,Italy,9086,6859,50,6809,72728.26333,23537.45333,
2022,07,JUL,LIME,Bergamo,Italy,4180,3165,89,3076,36688.51667,6462.26667,
2022,07,JUL,LIMF,Torino Caselle,Italy,,,,,,,DATA ISSUE
2022,07,JUL,LIML,Milan - Linate,Italy,4955,4183,1,4182,42316.97083,9928.77917,
2022,07,JUL,LIPE,Bologna,Italy,,,,,,,NO PREVIOUS RSLT
2022,07,JUL,LIPZ,Venice,Italy,4211,3456,17,3439,35094.700000000004,9452.91667,
2022,07,JUL,LIRA,Rome - Ciampino,Italy,,,,,,,NO DATA RECEIVED
2022,07,JUL,LIRF,Rome - Fiumicino,Italy,10579,8956,24,8932,93324.1525,25499.78083,
2022,07,JUL,LIRN,Naples,Italy,5282,4287,148,4139,45995.64167,23592.075,
2022,07,JUL,EVRA,Riga,Latvia,2453,1682,3,1679,18521.2325,2965.78417,
2022,07,JUL,EYVI,Vilnius,Lithuania,,,,,,,NO DATA RECEIVED
2022,07,JUL,ELLX,Luxembourg,Luxembourg,4253,2643,0,2643,30089.87167,5248.62833,
2022,07,JUL,LMML,Malta,Malta,3404,2060,33,2027,21156.5775,6178.55583,
2022,07,JUL,GMMN,Mohammed V International,Morocco,,,,,,,NO DATA RECEIVED
2022,07,JUL,GMMX,Menara,Morocco,,,,,,,NO DATA RECEIVED
2022,07,JUL,EHAM,Amsterdam - Schiphol,Netherlands,19232,16195,58,16137,191523.24,34231.09333,
2022,07,JUL,ENBR,Bergen,Norway,,,,,,,NO DATA RECEIVED
2022,07,JUL,ENGM,Oslo - Gardermoen,Norway,8709,6780,51,6729,75969.52417,12735.0925,
2022,07,JUL,ENVA,Trondheim,Norway,,,,,,,NO DATA RECEIVED
2022,07,JUL,ENZV,Stavanger,Norway,,,,,,,NO DATA RECEIVED
2022,07,JUL,EPWA,Warszawa - Chopina,Poland,7303,5845,3,5842,65666.0025,16584.447500000002,
2022,07,JUL,LPFR,Faro,Portugal,3776,3310,24,3286,37420.48917,4923.21083,
2022,07,JUL,LPPR,Porto,Portugal,4670,3657,33,3624,42506.1025,11516.91417,
2022,07,JUL,LPPT,Lisbon,Portugal,9775,7676,122,7554,94568.01833,24404.08167,
2022,07,JUL,LROP,Bucharest - Otopeni,Romania,5215,3574,273,3301,34660.58333,7091.48333,
2022,07,JUL,LZIB,Bratislava,Slovakia,1489,763,33,730,7559.4875,1383.4458300000001,
2022,07,JUL,LJLJ,Ljubljana,Slovenia,1189,705,4,701,7690.48833,1441.31167,
2022,07,JUL,GCFV,Fuerteventura,Spain,2111,2006,1,2005,23824.1075,5266.2925000000005,
2022,07,JUL,GCLP,Gran Canaria,Spain,4791,3552,35,3517,43348.15167,11062.715,
2022,07,JUL,GCRR,Lanzarote,Spain,2821,2666,34,2632,32407.4,6059.7,
2022,07,JUL,GCTS,Tenerife Sur - Reina Sofia,Spain,2750,2307,2,2305,27864.57167,4717.11167,
2022,07,JUL,GCXO,Tenerife North,Spain,3162,1744,0,1744,18248.98,3212.28667,
2022,07,JUL,LEAL,Alicante,Spain,4856,3967,1,3966,47632.06667,10108.800000000001,
2022,07,JUL,LEBB,Bilbao,Spain,2215,1740,0,1740,20425.93,3002.75333,
2022,07,JUL,LEBL,Barcelona,Spain,13935,11041,0,11041,131300.5,33713.05,
2022,07,JUL,LEIB,Ibiza,Spain,6357,4986,15,4971,61270.33667,14132.59667,
2022,07,JUL,LEMD,Madrid - Barajas,Spain,15827,12619,166,12453,144266.40833,29759.65833,
2022,07,JUL,LEMG,Málaga,Spain,7558,5946,43,5903,67211.8375,13917.22917,
2022,07,JUL,LEPA,Palma de Mallorca,Spain,14330,11447,2,11445,132539.97083,33632.1625,
2022,07,JUL,LEVC,Valencia,Spain,3665,2743,0,2743,32889.1,5301.6,
2022,07,JUL,LEZL,Sevilla,Spain,2480,1690,24,1666,18202.53,2299.78667,
2022,07,JUL,ESGG,Göteborg,Sweden,2207,1725,25,1700,19789.07167,3167.96167,
2022,07,JUL,ESSA,Stockholm - Arlanda,Sweden,7427,5571,4,5567,64657.84583,9080.12083,
2022,07,JUL,LSGG,Geneva,Switzerland,7398,6070,0,6070,72574.32583,18260.47417,
2022,07,JUL,LSZH,Zürich,Switzerland,10794,8937,140,8797,106684.625,27758.125,
2022,07,JUL,LTAI,Antalya,Türkiye,,,,,,,NO DATA RECEIVED
2022,07,JUL,LTFJ,Istanbul - Sabiha Gökçen,Türkiye,,,,,,,NO DATA RECEIVED
2022,07,JUL,LTFM,Istanbul,Türkiye,20934,13590,3,13587,166040.00333,41536.08,
2022,07,JUL,EGBB,Birmingham,United Kingdom,4243,3074,0,3074,36055.01833,7796.865000000001,
2022,07,JUL,EGCC,Manchester,United Kingdom,,,,,,,NO DATA RECEIVED
2022,07,JUL,EGGD,Bristol,United Kingdom,3531,2313,20,2293,27219.43333,4140.33333,
2022,07,JUL,EGGW,London - Luton,United Kingdom,5995,4515,17,4498,61091.81667,17688.8,
2022,07,JUL,EGKK,London - Gatwick,United Kingdom,11845,8867,85,8782,108197.7,40881.68333,
2022,07,JUL,EGLC,London - City,United Kingdom,2154,2036,66,1970,21264.83583,3383.5975000000003,
2022,07,JUL,EGLL,London - Heathrow,United Kingdom,17089,14740,10,14730,188947.11167,57973.67167,
2022,07,JUL,EGNT,Newcastle,United Kingdom,2149,1292,127,1165,13574.91833,2293.78167,
2022,07,JUL,EGPD,Aberdeen,United Kingdom,1639,1314,2,1312,14676.81917,4088.3475000000003,
2022,07,JUL,EGPF,Glasgow,United Kingdom,3273,2384,36,2348,28370.49583,5397.6375,
2022,07,JUL,EGPH,Edinburgh,United Kingdom,4981,3780,80,3700,45417.0875,8035.39583,
2022,07,JUL,EGSS,London - Stansted,United Kingdom,9038,6522,36,6486,85033.61667,17249.43333,
2022,08,AUG,LOWW,Vienna,Austria,10522,8704,0,8704,95218.35333,19268.18,
2022,08,AUG,EBBR,Brussels,Belgium,8937,6733,6,6727,76490.94167,13314.00833,
2022,08,AUG,EBCI,Brussels - Charleroi,Belgium,3504,2221,50,2171,24072.52333,3763.39333,
2022,08,AUG,LBSF,Sofia,Bulgaria,2549,1925,109,1816,19202.19417,4552.20583,
2022,08,AUG,LDZA,Zagreb,Croatia,2028,1544,40,1504,16340.03,3762.70333,
2022,08,AUG,LKPR,Prague,Czech Republic,5163,4152,0,4152,45495.37417,8725.05917,
2022,08,AUG,EKCH,Copenhagen - Kastrup,Denmark,9823,7624,182,7442,85081.0375,13980.09583,
2022,08,AUG,EETN,Tallinn,Estonia,1852,909,11,898,9507.93917,1475.46083,
2022,08,AUG,EFHK,Helsinki - Vantaa,Finland,5973,3983,23,3960,41802.700000000004,7931.13333,
2022,08,AUG,LFBO,Toulouse-Blagnac,France,2444,1899,30,1869,21978.94833,2469.15167,
2022,08,AUG,LFLL,Lyon-Saint-Exupéry,France,3361,2679,0,2679,29255.77167,3679.06167,
2022,08,AUG,LFML,Marseille-Provence,France,4358,3452,44,3408,29935.51333,11453.33667,
2022,08,AUG,LFMN,Nice-Côte d’Azur,France,7763,6944,40,6904,77639.04917,26385.8175,
2022,08,AUG,LFPG,Paris - Charles-de-Gaulle,France,19999,15832,77,15755,211941.28417,31558.44917,
2022,08,AUG,LFPO,Paris - Orly,France,9640,8210,72,8138,98900.16667,14821.26667,
2022,08,AUG,LFSB,Bâle-Mulhouse,France,3913,2641,58,2583,30887.60833,6341.725,
2022,08,AUG,UGKO,Kutaisi,Georgia,,,,,,,NO DATA RECEIVED
2022,08,AUG,UGSB,Batumi,Georgia,,,,,,,NO DATA RECEIVED
2022,08,AUG,UGTB,Tbilisi,Georgia,,,,,,,NO DATA RECEIVED
2022,08,AUG,EDDB,Berlin - Brandenburg,Germany,7380,6179,104,6075,70286.28917,10205.1775,
2022,08,AUG,EDDC,Dresden,Germany,628,513,83,430,4602.85083,872.4825000000001,
2022,08,AUG,EDDE,Erfurt,Germany,347,97,97,0,,,NO REF FLIGHT
2022,08,AUG,EDDF,Frankfurt,Germany,18008,15824,85,15739,210508.2525,37780.1475,
2022,08,AUG,EDDG,Muenster-Osnabrueck,Germany,1297,335,27,308,3351.62667,573.94,
2022,08,AUG,EDDH,Hamburg,Germany,5337,4150,158,3992,48091.59167,7670.975,
2022,08,AUG,EDDK,Cologne-Bonn,Germany,6098,3007,144,2863,32480.85333,4811.39667,
2022,08,AUG,EDDL,Dusseldorf,Germany,7427,6009,430,5579,68456.745,9662.105,
2022,08,AUG,EDDM,Munich,Germany,14144,12485,0,12485,142239.42083,27475.8625,
2022,08,AUG,EDDN,Nuremberg,Germany,2786,1281,101,1180,13824.07583,2350.62417,
2022,08,AUG,EDDP,Leipzig-Halle,Germany,3553,1419,63,1356,15554.26083,2309.40583,
2022,08,AUG,EDDR,Saarbruecken,Germany,312,229,229,0,,,NO REF FLIGHT
2022,08,AUG,EDDS,Stuttgart,Germany,4845,3104,0,3104,37237.77167,5058.66167,
2022,08,AUG,EDDT,Berlin - Tegel,Germany,,,,,,,NO DATA RECEIVED
2022,08,AUG,EDDV,Hanover,Germany,3152,1222,92,1130,12458.85583,2158.9275000000002,
2022,08,AUG,EDDW,Bremen,Germany,1570,741,81,660,7610.27167,1259.21167,
2022,08,AUG,LGAV,Athens,Greece,12145,8017,29,7988,88573.69833,28200.135000000002,
2022,08,AUG,LHBP,Budapest - Ferihegy,Hungary,4788,3665,82,3583,44068.95333,5775.76333,
2022,08,AUG,BIKF,Keflavik,Iceland,,,,,,,NO DATA RECEIVED
2022,08,AUG,EICK,Cork,Ireland,1853,771,188,583,6387.02583,1078.67417,
2022,08,AUG,EIDW,Dublin,Ireland,10292,7655,385,7270,80663.96333,29831.37,
2022,08,AUG,LLBG,Tel Aviv - Ben Gurion International,Israel,,,,,,,NO DATA RECEIVED
2022,08,AUG,LICC,Catania,Italy,3399,2825,36,2789,30263.25333,11859.56333,
2022,08,AUG,LIMC,Milan - Malpensa,Italy,9076,6869,24,6845,72829.58333,21341.25,
2022,08,AUG,LIME,Bergamo,Italy,4219,3188,160,3028,36147.450000000004,6162.01667,
2022,08,AUG,LIMF,Torino Caselle,Italy,,,,,,,DATA ISSUE
2022,08,AUG,LIML,Milan - Linate,Italy,4036,3469,30,3439,34367.33333,7081.56667,
2022,08,AUG,LIPE,Bologna,Italy,,,,,,,NO PREVIOUS RSLT
2022,08,AUG,LIPZ,Venice,Italy,4155,3420,81,3339,33876.92917,9575.7875,
2022,08,AUG,LIRA,Rome - Ciampino,Italy,,,,,,,NO DATA RECEIVED
2022,08,AUG,LIRF,Rome - Fiumicino,Italy,10952,9307,13,9294,96579.47583,26593.8575,
2022,08,AUG,LIRN,Naples,Italy,5216,4285,47,4238,47365.01833,26049.84833,
2022,08,AUG,EVRA,Riga,Latvia,2442,1712,2,1710,18891.93667,3108.78,
2022,08,AUG,EYVI,Vilnius,Lithuania,,,,,,,NO DATA RECEIVED
2022,08,AUG,ELLX,Luxembourg,Luxembourg,4035,2520,0,2520,28680.19083,4835.65917,
2022,08,AUG,LMML,Malta,Malta,3172,2011,22,1989,20826.31667,6890.83333,
2022,08,AUG,GMMN,Mohammed V International,Morocco,,,,,,,NO DATA RECEIVED
2022,08,AUG,GMMX,Menara,Morocco,,,,,,,NO DATA RECEIVED
2022,08,AUG,EHAM,Amsterdam - Schiphol,Netherlands,19902,16838,59,16779,196254.69917,34397.98417,
2022,08,AUG,ENBR,Bergen,Norway,,,,,,,NO DATA RECEIVED
2022,08,AUG,ENGM,Oslo - Gardermoen,Norway,10184,8399,58,8341,94078.10083,18371.04917,
2022,08,AUG,ENVA,Trondheim,Norway,,,,,,,NO DATA RECEIVED
2022,08,AUG,ENZV,Stavanger,Norway,,,,,,,NO DATA RECEIVED
2022,08,AUG,EPWA,Warszawa - Chopina,Poland,7174,5843,7,5836,64808.98333,15384.800000000001,
2022,08,AUG,LPFR,Faro,Portugal,3615,3227,20,3207,36153.4,4782.28333,
2022,08,AUG,LPPR,Porto,Portugal,4666,3705,26,3679,43379.6825,10685.0175,
2022,08,AUG,LPPT,Lisbon,Portugal,9776,7760,119,7641,95465.58417,25624.04917,
2022,08,AUG,LROP,Bucharest - Otopeni,Romania,5256,3609,60,3549,36549.39083,7995.7425,
2022,08,AUG,LZIB,Bratislava,Slovakia,1470,756,26,730,7483.71917,1333.66417,
2022,08,AUG,LJLJ,Ljubljana,Slovenia,1133,684,1,683,7556.01667,1557.01667,
2022,08,AUG,GCFV,Fuerteventura,Spain,2111,2043,0,2043,24379.39167,5345.14167,
2022,08,AUG,GCLP,Gran Canaria,Spain,4814,3621,37,3584,44466.13,10902.23667,
2022,08,AUG,GCRR,Lanzarote,Spain,2931,2778,7,2771,34275.4,5893.23333,
2022,08,AUG,GCTS,Tenerife Sur - Reina Sofia,Spain,2752,2297,6,2291,27621.49833,4391.76833,
2022,08,AUG,GCXO,Tenerife North,Spain,3163,1804,0,1804,18787.51583,3425.5175000000004,
2022,08,AUG,LEAL,Alicante,Spain,4863,3991,6,3985,47571.57167,10819.52833,
2022,08,AUG,LEBB,Bilbao,Spain,2072,1664,0,1664,19310.487500000003,2947.44583,
2022,08,AUG,LEBL,Barcelona,Spain,13714,10858,17,10841,127674.16833,31484.08167,
2022,08,AUG,LEIB,Ibiza,Spain,6236,4987,29,4958,57939,13225.550000000001,
2022,08,AUG,LEMD,Madrid - Barajas,Spain,15494,12405,211,12194,142072.05583,30025.81083,
2022,08,AUG,LEMG,Málaga,Spain,7432,5910,44,5866,67726.60583,15429.51083,
2022,08,AUG,LEPA,Palma de Mallorca,Spain,14157,11313,16,11297,126025.11583,30077.5175,
2022,08,AUG,LEVC,Valencia,Spain,3532,2610,0,2610,30982.395,5077.055,
2022,08,AUG,LEZL,Sevilla,Spain,2314,1618,7,1611,17365.89,2124.06,
2022,08,AUG,ESGG,Göteborg,Sweden,2265,1781,32,1749,19896.43083,3396.88583,
2022,08,AUG,ESSA,Stockholm - Arlanda,Sweden,8174,6407,0,6407,75326.29167,11840.075,
2022,08,AUG,LSGG,Geneva,Switzerland,7125,5843,0,5843,68898,17452.1,
2022,08,AUG,LSZH,Zürich,Switzerland,10695,8991,200,8791,106379.2575,26914.07583,
2022,08,AUG,LTAI,Antalya,Türkiye,,,,,,,NO DATA RECEIVED
2022,08,AUG,LTFJ,Istanbul - Sabiha Gökçen,Türkiye,,,,,,,NO DATA RECEIVED
2022,08,AUG,LTFM,Istanbul,Türkiye,20620,13485,18,13467,164510.8825,47199.3675,
2022,08,AUG,EGBB,Birmingham,United Kingdom,4269,3187,0,3187,37326.33167,8248.26833,
2022,08,AUG,EGCC,Manchester,United Kingdom,,,,,,,NO DATA RECEIVED
2022,08,AUG,EGGD,Bristol,United Kingdom,3544,2325,7,2318,27444.83583,4534.96417,
2022,08,AUG,EGGW,London - Luton,United Kingdom,5751,4325,32,4293,58654.56333,14582.78667,
2022,08,AUG,EGKK,London - Gatwick,United Kingdom,12271,9156,0,9156,113251.34667,50871.270000000004,
2022,08,AUG,EGLC,London - City,United Kingdom,2120,2007,95,1912,21230.88167,3167.185,
2022,08,AUG,EGLL,London - Heathrow,United Kingdom,16996,14953,53,14900,195905.28417,57576.84917,
2022,08,AUG,EGNT,Newcastle,United Kingdom,2234,1338,157,1181,13530.63333,1932.68333,
2022,08,AUG,EGPD,Aberdeen,United Kingdom,1649,1297,2,1295,14390.60667,4673.87667,
2022,08,AUG,EGPF,Glasgow,United Kingdom,3195,2377,129,2248,26695.54167,4908.7750000000005,
2022,08,AUG,EGPH,Edinburgh,United Kingdom,4856,3784,115,3669,43952.26667,7886.6,
2022,08,AUG,EGSS,London - Stansted,United Kingdom,8755,6317,59,6258,86109.01667,14952.71667,
2022,09,SEP,LOWW,Vienna,Austria,10536,8764,0,8764,96378.91333,21604.80333,
2022,09,SEP,EBBR,Brussels,Belgium,8681,6554,75,6479,71661.915,12741.835,
2022,09,SEP,EBCI,Brussels - Charleroi,Belgium,3232,2109,45,2064,22646.46083,3545.45583,
2022,09,SEP,LBSF,Sofia,Bulgaria,2504,1913,85,1828,19516.86667,4665.21667,
2022,09,SEP,LDZA,Zagreb,Croatia,1967,1549,63,1486,16269.00583,4197.41083,
2022,09,SEP,LKPR,Prague,Czech Republic,5007,4094,0,4094,45494.23917,9214.9775,
2022,09,SEP,EKCH,Copenhagen - Kastrup,Denmark,9785,7865,676,7189,83810.64083,16390.75917,
2022,09,SEP,EETN,Tallinn,Estonia,1834,889,14,875,9107.8025,1738.53083,
2022,09,SEP,EFHK,Helsinki - Vantaa,Finland,6033,3947,30,3917,40706.17583,8552.3575,
2022,09,SEP,LFBO,Toulouse-Blagnac,France,2940,2452,60,2392,28463.025,4765.425,
2022,09,SEP,LFLL,Lyon-Saint-Exupéry,France,3729,3121,33,3088,34567.21583,5320.3675,
2022,09,SEP,LFML,Marseille-Provence,France,4219,3411,213,3198,28185.48333,11620.83333,
2022,09,SEP,LFMN,Nice-Côte d’Azur,France,6630,5913,140,5773,65246.09833,23677.46833,
2022,09,SEP,LFPG,Paris - Charles-de-Gaulle,France,18483,14830,66,14764,195947.92,33354.23,
2022,09,SEP,LFPO,Paris - Orly,France,9290,8011,63,7948,98356.54167,17517.50833,
2022,09,SEP,LFSB,Bâle-Mulhouse,France,3636,2486,45,2441,28825.455,6523.21167,
2022,09,SEP,UGKO,Kutaisi,Georgia,,,,,,,NO DATA RECEIVED
2022,09,SEP,UGSB,Batumi,Georgia,,,,,,,NO DATA RECEIVED
2022,09,SEP,UGTB,Tbilisi,Georgia,,,,,,,NO DATA RECEIVED
2022,09,SEP,EDDB,Berlin - Brandenburg,Germany,7967,6646,96,6550,78147.73667,14066.130000000001,
2022,09,SEP,EDDC,Dresden,Germany,561,471,64,407,4578.48167,651.70167,
2022,09,SEP,EDDE,Erfurt,Germany,247,75,75,0,,,NO REF FLIGHT
2022,09,SEP,EDDF,Frankfurt,Germany,17082,15103,380,14723,186732.84083,41294.5425,
2022,09,SEP,EDDG,Muenster-Osnabrueck,Germany,1189,352,34,318,3530.60333,759.34667,
2022,09,SEP,EDDH,Hamburg,Germany,5317,4200,100,4100,50208.9175,9478.8325,
2022,09,SEP,EDDK,Cologne-Bonn,Germany,5867,2972,106,2866,32795.45833,6392.825000000001,
2022,09,SEP,EDDL,Dusseldorf,Germany,7216,5924,37,5887,68588.2375,10944.52917,
2022,09,SEP,EDDM,Munich,Germany,14034,12511,0,12511,143704.19917,36337.78417,
2022,09,SEP,EDDN,Nuremberg,Germany,2567,1302,64,1238,14729.39583,2668.75417,
2022,09,SEP,EDDP,Leipzig-Halle,Germany,3692,1455,72,1383,16054.85,2600.4,
2022,09,SEP,EDDR,Saarbruecken,Germany,291,227,227,0,,,NO REF FLIGHT
2022,09,SEP,EDDS,Stuttgart,Germany,4712,3108,0,3108,35787.8,5833.58333,
2022,09,SEP,EDDT,Berlin - Tegel,Germany,,,,,,,NO DATA RECEIVED
2022,09,SEP,EDDV,Hanover,Germany,2866,1300,107,1193,13118.54417,2601.0725,
2022,09,SEP,EDDW,Bremen,Germany,1470,742,37,705,8253.22833,1521.03833,
2022,09,SEP,LGAV,Athens,Greece,10835,7337,108,7229,81264.70167,24348.69833,
2022,09,SEP,LHBP,Budapest - Ferihegy,Hungary,4612,3502,176,3326,41369.465,8059.40167,
2022,09,SEP,BIKF,Keflavik,Iceland,,,,,,,NO DATA RECEIVED
2022,09,SEP,EICK,Cork,Ireland,1623,720,113,607,6668.1,1243.01667,
2022,09,SEP,EIDW,Dublin,Ireland,9959,7430,399,7031,78130.30333,24084.33,
2022,09,SEP,LLBG,Tel Aviv - Ben Gurion International,Israel,,,,,,,NO DATA RECEIVED
2022,09,SEP,LICC,Catania,Italy,3727,3090,36,3054,33003.33333,12834.1,
2022,09,SEP,LIMC,Milan - Malpensa,Italy,9157,6970,11,6959,75129.98833,22945.645,
2022,09,SEP,LIME,Bergamo,Italy,3980,3006,76,2930,35337.63333,7011.51667,
2022,09,SEP,LIMF,Torino Caselle,Italy,,,,,,,DATA ISSUE
2022,09,SEP,LIML,Milan - Linate,Italy,5034,4270,71,4199,43277.53333,10935.65,
2022,09,SEP,LIPE,Bologna,Italy,,,,,,,NO PREVIOUS RSLT
2022,09,SEP,LIPZ,Venice,Italy,4340,3600,129,3471,35181.03333,10867.13333,
2022,09,SEP,LIRA,Rome - Ciampino,Italy,,,,,,,NO DATA RECEIVED
2022,09,SEP,LIRF,Rome - Fiumicino,Italy,10748,9252,39,9213,95943.61167,29547.455,
2022,09,SEP,LIRN,Naples,Italy,4726,3857,23,3834,42868.0775,22159.65583,
2022,09,SEP,EVRA,Riga,Latvia,2355,1624,1,1623,17715.42667,3474.00667,
2022,09,SEP,EYVI,Vilnius,Lithuania,,,,,,,NO DATA RECEIVED
2022,09,SEP,ELLX,Luxembourg,Luxembourg,3933,2704,0,2704,30872.940000000002,6193.34333,
2022,09,SEP,LMML,Malta,Malta,2936,1921,33,1888,19782.15833,5516.125,
2022,09,SEP,GMMN,Mohammed V International,Morocco,,,,,,,NO DATA RECEIVED
2022,09,SEP,GMMX,Menara,Morocco,,,,,,,NO DATA RECEIVED
2022,09,SEP,EHAM,Amsterdam - Schiphol,Netherlands,19776,16769,55,16714,196498.3425,36733.44083,
2022,09,SEP,ENBR,Bergen,Norway,,,,,,,NO DATA RECEIVED
2022,09,SEP,ENGM,Oslo - Gardermoen,Norway,10261,8769,57,8712,97344.47167,22033.32833,
2022,09,SEP,ENVA,Trondheim,Norway,,,,,,,NO DATA RECEIVED
2022,09,SEP,ENZV,Stavanger,Norway,,,,,,,NO DATA RECEIVED
2022,09,SEP,EPWA,Warszawa - Chopina,Poland,7295,5960,4,5956,66593.77667,17099.37333,
2022,09,SEP,LPFR,Faro,Portugal,3225,2875,26,2849,31949.13333,4314.2,
2022,09,SEP,LPPR,Porto,Portugal,4513,3580,27,3553,41909.13917,10852.8775,
2022,09,SEP,LPPT,Lisbon,Portugal,9399,7480,187,7293,89696.5,25817.15,
2022,09,SEP,LROP,Bucharest - Otopeni,Romania,4614,3232,77,3155,34151.37833,7868.68833,
2022,09,SEP,LZIB,Bratislava,Slovakia,1261,622,26,596,6192.49333,1253.72333,
2022,09,SEP,LJLJ,Ljubljana,Slovenia,1036,706,3,703,7880.16333,1726.73667,
2022,09,SEP,GCFV,Fuerteventura,Spain,1875,1797,3,1794,21443.03833,4620.86167,
2022,09,SEP,GCLP,Gran Canaria,Spain,4213,3113,139,2974,37210.7875,12593.64583,
2022,09,SEP,GCRR,Lanzarote,Spain,2552,2358,36,2322,28811.61667,5071.08333,
2022,09,SEP,GCTS,Tenerife Sur - Reina Sofia,Spain,2653,2160,12,2148,25657.600000000002,4033.16667,
2022,09,SEP,GCXO,Tenerife North,Spain,2637,1455,1,1454,15349.03917,3156.21083,
2022,09,SEP,LEAL,Alicante,Spain,4158,3399,17,3382,40130.82083,9596.89583,
2022,09,SEP,LEBB,Bilbao,Spain,1989,1517,0,1517,17653.71083,3156.4225,
2022,09,SEP,LEBL,Barcelona,Spain,12949,10343,2,10341,124522.99583,31656.1375,
2022,09,SEP,LEIB,Ibiza,Spain,4574,3582,13,3569,41090.85333,9621.21333,
2022,09,SEP,LEMD,Madrid - Barajas,Spain,14354,11330,139,11191,129534.9075,30977.22583,
2022,09,SEP,LEMG,Málaga,Spain,6248,4867,30,4837,57631.61083,12699.63917,
2022,09,SEP,LEPA,Palma de Mallorca,Spain,12270,9759,12,9747,116755.16167,29458.98833,
2022,09,SEP,LEVC,Valencia,Spain,3180,2438,0,2438,28632.56,4813.24,
2022,09,SEP,LEZL,Sevilla,Spain,2373,1620,17,1603,17355.86833,2321.93167,
2022,09,SEP,ESGG,Göteborg,Sweden,2323,1839,57,1782,19662.03417,4080.84917,
2022,09,SEP,ESSA,Stockholm - Arlanda,Sweden,8360,6789,194,6595,76658.1875,13890.67917,
2022,09,SEP,LSGG,Geneva,Switzerland,6921,5735,0,5735,66663.16667,18730.88333,
2022,09,SEP,LSZH,Zürich,Switzerland,10340,8745,27,8718,105483.41083,25998.9725,
2022,09,SEP,LTAI,Antalya,Türkiye,,,,,,,NO DATA RECEIVED
2022,09,SEP,LTFJ,Istanbul - Sabiha Gökçen,Türkiye,,,,,,,NO DATA RECEIVED
2022,09,SEP,LTFM,Istanbul,Türkiye,20024,13167,96,13071,163465.15667,46487.66,
2022,09,SEP,EGBB,Birmingham,United Kingdom,4237,3191,0,3191,36933.6875,9610.4625,
2022,09,SEP,EGCC,Manchester,United Kingdom,,,,,,,NO DATA RECEIVED
2022,09,SEP,EGGD,Bristol,United Kingdom,3269,2145,15,2130,25072.075,4269.20833,
2022,09,SEP,EGGW,London - Luton,United Kingdom,5688,4182,14,4168,56402.9,14882.15,
2022,09,SEP,EGKK,London - Gatwick,United Kingdom,11537,8658,0,8658,107754.54167,42559.025,
2022,09,SEP,EGLC,London - City,United Kingdom,2269,2158,40,2118,22916.625,3524.025,
2022,09,SEP,EGLL,London - Heathrow,United Kingdom,16658,14527,33,14494,186546.32833,67821.505,
2022,09,SEP,EGNT,Newcastle,United Kingdom,2067,1237,163,1074,12268.550000000001,1955.48333,
2022,09,SEP,EGPD,Aberdeen,United Kingdom,1656,1336,1,1335,14959.94417,4527.60583,
2022,09,SEP,EGPF,Glasgow,United Kingdom,3226,2400,123,2277,26904.36667,5325.81667,
2022,09,SEP,EGPH,Edinburgh,United Kingdom,4834,3729,106,3623,43419.39583,10849.60417,
2022,09,SEP,EGSS,London - Stansted,United Kingdom,8481,6161,56,6105,81819.49917,14843.23417,
2022,10,OCT,LOWW,Vienna,Austria,10010,8457,0,8457,92867.99333,20547.82333,
2022,10,OCT,EBBR,Brussels,Belgium,8402,6439,132,6307,69785.36083,13492.1225,
2022,10,OCT,EBCI,Brussels - Charleroi,Belgium,3410,2143,47,2096,23124.86167,4076.42167,
2022,10,OCT,LBSF,Sofia,Bulgaria,2414,1804,75,1729,18507.87,4419.26333,
2022,10,OCT,LDZA,Zagreb,Croatia,2024,1591,0,1591,17464.13583,4499.3475,
2022,10,OCT,LKPR,Prague,Czech Republic,4412,3653,0,3653,40841.79583,8442.0375,
2022,10,OCT,EKCH,Copenhagen - Kastrup,Denmark,9840,7984,43,7941,92105.09333,18846.02333,
2022,10,OCT,EETN,Tallinn,Estonia,1733,872,12,860,9537.73333,1906.46667,
2022,10,OCT,EFHK,Helsinki - Vantaa,Finland,6085,4041,38,4003,43779.1425,9513.84083,
2022,10,OCT,LFBO,Toulouse-Blagnac,France,3116,2631,116,2515,29017.21667,4763.8,
2022,10,OCT,LFLL,Lyon-Saint-Exupéry,France,3832,3212,40,3172,36389.6125,6016.37083,
2022,10,OCT,LFML,Marseille-Provence,France,4260,3499,49,3450,30447.41417,12560.4025,
2022,10,OCT,LFMN,Nice-Côte d’Azur,France,5801,5148,5,5143,57981.465,17689.91833,
2022,10,OCT,LFPG,Paris - Charles-de-Gaulle,France,18449,14974,48,14926,198012.4025,36173.7975,
2022,10,OCT,LFPO,Paris - Orly,France,9337,7964,106,7858,99265.6825,19940.33417,
2022,10,OCT,LFSB,Bâle-Mulhouse,France,3785,2533,33,2500,29181.21833,7105.03167,
2022,10,OCT,UGKO,Kutaisi,Georgia,,,,,,,NO DATA RECEIVED
2022,10,OCT,UGSB,Batumi,Georgia,,,,,,,NO DATA RECEIVED
2022,10,OCT,UGTB,Tbilisi,Georgia,,,,,,,NO DATA RECEIVED
2022,10,OCT,EDDB,Berlin - Brandenburg,Germany,8022,6815,93,6722,82228.93333,13296.38333,
2022,10,OCT,EDDC,Dresden,Germany,602,503,21,482,5529.22833,856.57167,
2022,10,OCT,EDDE,Erfurt,Germany,304,91,91,0,,,NO REF FLIGHT
2022,10,OCT,EDDF,Frankfurt,Germany,17826,15749,83,15666,198739.9275,46778.45583,
2022,10,OCT,EDDG,Muenster-Osnabrueck,Germany,1203,402,32,370,4150.84833,837.8016700000001,
2022,10,OCT,EDDH,Hamburg,Germany,5337,4343,58,4285,53543.815,10510.785,
2022,10,OCT,EDDK,Cologne-Bonn,Germany,5608,2807,76,2731,32497.86917,5674.01417,
2022,10,OCT,EDDL,Dusseldorf,Germany,7037,5945,13,5932,68167.91083,11933.25583,
2022,10,OCT,EDDM,Munich,Germany,14026,12570,0,12570,144087.59333,33944.05667,
2022,10,OCT,EDDN,Nuremberg,Germany,2542,1224,73,1151,13467.53,2212.13667,
2022,10,OCT,EDDP,Leipzig-Halle,Germany,3698,1567,85,1482,17153.01833,2650.915,
2022,10,OCT,EDDR,Saarbruecken,Germany,300,228,156,72,735.6,242.76667,
2022,10,OCT,EDDS,Stuttgart,Germany,4466,2785,0,2785,31789.13583,4945.6475,
2022,10,OCT,EDDT,Berlin - Tegel,Germany,,,,,,,NO DATA RECEIVED
2022,10,OCT,EDDV,Hanover,Germany,3098,1385,88,1297,14263.54083,2512.25917,
2022,10,OCT,EDDW,Bremen,Germany,1435,783,50,733,8548.455,1434.9950000000001,
2022,10,OCT,LGAV,Athens,Greece,9643,6923,18,6905,78086.655,24927.71167,
2022,10,OCT,LHBP,Budapest - Ferihegy,Hungary,4451,3368,6,3362,41624.70667,8094.89333,
2022,10,OCT,BIKF,Keflavik,Iceland,,,,,,,NO DATA RECEIVED
2022,10,OCT,EICK,Cork,Ireland,1345,673,23,650,7565.46167,1521.005,
2022,10,OCT,EIDW,Dublin,Ireland,9986,7442,117,7325,80455.95167,31003.465,
2022,10,OCT,LLBG,Tel Aviv - Ben Gurion International,Israel,,,,,,,NO DATA RECEIVED
2022,10,OCT,LICC,Catania,Italy,3379,2833,32,2801,30190.51167,10217.47167,
2022,10,OCT,LIMC,Milan - Malpensa,Italy,8675,6623,2,6621,71426.49167,22726.79167,
2022,10,OCT,LIME,Bergamo,Italy,3918,2990,43,2947,35331.93333,5170.21667,
2022,10,OCT,LIMF,Torino Caselle,Italy,,,,,,,DATA ISSUE
2022,10,OCT,LIML,Milan - Linate,Italy,4367,3830,0,3830,39908.17833,8084.73833,
2022,10,OCT,LIPE,Bologna,Italy,,,,,,,NO PREVIOUS RSLT
2022,10,OCT,LIPZ,Venice,Italy,3942,3309,90,3219,32642.73833,8826.96167,
2022,10,OCT,LIRA,Rome - Ciampino,Italy,,,,,,,NO DATA RECEIVED
2022,10,OCT,LIRF,Rome - Fiumicino,Italy,10246,8841,1,8840,90542.7625,23354.1375,
2022,10,OCT,LIRN,Naples,Italy,4039,3323,23,3300,36856.88,13563.60333,
2022,10,OCT,EVRA,Riga,Latvia,2404,1642,1,1641,18156.9,3422.98333,
2022,10,OCT,EYVI,Vilnius,Lithuania,,,,,,,NO DATA RECEIVED
2022,10,OCT,ELLX,Luxembourg,Luxembourg,3830,2583,0,2583,29475.05917,6415.89083,
2022,10,OCT,LMML,Malta,Malta,2968,1821,23,1798,18724.30833,5166.20833,
2022,10,OCT,GMMN,Mohammed V International,Morocco,,,,,,,NO DATA RECEIVED
2022,10,OCT,GMMX,Menara,Morocco,,,,,,,NO DATA RECEIVED
2022,10,OCT,EHAM,Amsterdam - Schiphol,Netherlands,19343,16489,13,16476,197691.46583,42475.6175,
2022,10,OCT,ENBR,Bergen,Norway,,,,,,,NO DATA RECEIVED
2022,10,OCT,ENGM,Oslo - Gardermoen,Norway,10036,8534,51,8483,95330.18667,21756.81333,
2022,10,OCT,ENVA,Trondheim,Norway,,,,,,,NO DATA RECEIVED
2022,10,OCT,ENZV,Stavanger,Norway,,,,,,,NO DATA RECEIVED
2022,10,OCT,EPWA,Warszawa - Chopina,Poland,6865,5629,467,5162,59206.65333,16144.380000000001,
2022,10,OCT,LPFR,Faro,Portugal,3363,2989,30,2959,33275.84083,5616.17583,
2022,10,OCT,LPPR,Porto,Portugal,4411,3539,39,3500,41622.13333,11738.800000000001,
2022,10,OCT,LPPT,Lisbon,Portugal,9371,7343,92,7251,88083.34417,24378.322500000002,
2022,10,OCT,LROP,Bucharest - Otopeni,Romania,4355,2950,19,2931,30731.89167,6006.74167,
2022,10,OCT,LZIB,Bratislava,Slovakia,957,457,40,417,4499.43833,1114.92833,
2022,10,OCT,LJLJ,Ljubljana,Slovenia,993,626,4,622,7053.4000000000005,1502.26667,
2022,10,OCT,GCFV,Fuerteventura,Spain,2041,1979,1,1978,23774.13333,5198.43333,
2022,10,OCT,GCLP,Gran Canaria,Spain,5179,3805,19,3786,47307.26167,14802.155,
2022,10,OCT,GCRR,Lanzarote,Spain,2787,2582,9,2573,32278.2775,5926.0225,
2022,10,OCT,GCTS,Tenerife Sur - Reina Sofia,Spain,3156,2690,6,2684,32303.6875,5723.1125,
2022,10,OCT,GCXO,Tenerife North,Spain,3030,1510,1,1509,15962.68333,2981.85,
2022,10,OCT,LEAL,Alicante,Spain,4468,3751,3,3748,44890.5425,10722.1575,
2022,10,OCT,LEBB,Bilbao,Spain,2104,1682,0,1682,19867.17417,3823.67583,
2022,10,OCT,LEBL,Barcelona,Spain,13538,10921,4,10917,129426.5675,31094.5325,
2022,10,OCT,LEIB,Ibiza,Spain,3579,2714,9,2705,31742.42917,6033.7375,
2022,10,OCT,LEMD,Madrid - Barajas,Spain,15624,12730,220,12510,143864.11667,34296.98333,
2022,10,OCT,LEMG,Málaga,Spain,6939,5527,52,5475,62506.4075,13981.52583,
2022,10,OCT,LEPA,Palma de Mallorca,Spain,11604,9130,14,9116,108420.805,23552.37833,
2022,10,OCT,LEVC,Valencia,Spain,3266,2536,0,2536,29541.96667,4954.91667,
2022,10,OCT,LEZL,Sevilla,Spain,2739,1942,56,1886,20854.8575,3610.1425000000004,
2022,10,OCT,ESGG,Göteborg,Sweden,2193,1768,20,1748,20139.775,3835.19167,
2022,10,OCT,ESSA,Stockholm - Arlanda,Sweden,8233,6678,42,6636,78088.285,15439.68167,
2022,10,OCT,LSGG,Geneva,Switzerland,6797,5609,0,5609,65291.255,17190.97833,
2022,10,OCT,LSZH,Zürich,Switzerland,10477,8891,39,8852,106228.13333,31562.13333,
2022,10,OCT,LTAI,Antalya,Türkiye,,,,,,,NO DATA RECEIVED
2022,10,OCT,LTFJ,Istanbul - Sabiha Gökçen,Türkiye,,,,,,,NO DATA RECEIVED
2022,10,OCT,LTFM,Istanbul,Türkiye,18802,12363,31,12332,149647.88083,50429.4025,
2022,10,OCT,EGBB,Birmingham,United Kingdom,3992,3041,0,3041,34969.78083,10613.46917,
2022,10,OCT,EGCC,Manchester,United Kingdom,,,,,,,NO DATA RECEIVED
2022,10,OCT,EGGD,Bristol,United Kingdom,3185,2152,6,2146,25322.72917,4853.8875,
2022,10,OCT,EGGW,London - Luton,United Kingdom,5699,4225,18,4207,57113.64333,16821.70667,
2022,10,OCT,EGKK,London - Gatwick,United Kingdom,11421,8748,0,8748,109452.05,44605.26667,
2022,10,OCT,EGLC,London - City,United Kingdom,2264,2168,54,2114,23051.75667,4937.64333,
2022,10,OCT,EGLL,London - Heathrow,United Kingdom,17340,15247,41,15206,195619.33417,79034.1325,
2022,10,OCT,EGNT,Newcastle,United Kingdom,2061,1222,92,1130,13277.32,1976.78,
2022,10,OCT,EGPD,Aberdeen,United Kingdom,1675,1354,1,1353,15232.23,4541.92,
2022,10,OCT,EGPF,Glasgow,United Kingdom,3183,2427,78,2349,27898.5975,6615.71917,
2022,10,OCT,EGPH,Edinburgh,United Kingdom,4871,3768,53,3715,45448.09667,11107.47,
2022,10,OCT,EGSS,London - Stansted,United Kingdom,8457,6196,32,6164,77024,16349.86667,
2022,11,NOV,LOWW,Vienna,Austria,8117,6978,0,6978,76607.45333,19195.88,
2022,11,NOV,EBBR,Brussels,Belgium,6995,5429,218,5211,57291.090000000004,12230.67667,
2022,11,NOV,EBCI,Brussels - Charleroi,Belgium,2608,1766,46,1720,18921.37083,3429.14583,
2022,11,NOV,LBSF,Sofia,Bulgaria,2044,1571,30,1541,16458.85833,4360.675,
2022,11,NOV,LDZA,Zagreb,Croatia,1706,1460,0,1460,16145.70333,4376.64667,
2022,11,NOV,LKPR,Prague,Czech Republic,3556,2904,0,2904,32133.79917,7764.95083,
2022,11,NOV,EKCH,Copenhagen - Kastrup,Denmark,8318,6867,399,6468,74262.25167,16541.215,
2022,11,NOV,EETN,Tallinn,Estonia,1377,714,9,705,7346.71,1650.19,
2022,11,NOV,EFHK,Helsinki - Vantaa,Finland,5437,3731,70,3661,37840.025,8208.275,
2022,11,NOV,LFBO,Toulouse-Blagnac,France,2793,2427,50,2377,27939.66833,4821.68167,
2022,11,NOV,LFLL,Lyon-Saint-Exupéry,France,3234,2739,0,2739,30811.60083,4831.36583,
2022,11,NOV,LFML,Marseille-Provence,France,3579,2934,102,2832,24981.185,10262.315,
2022,11,NOV,LFMN,Nice-Côte d’Azur,France,4054,3614,158,3456,38927.67,11793.56333,
2022,11,NOV,LFPG,Paris - Charles-de-Gaulle,France,16882,13664,126,13538,177690.53167,34484.485,
2022,11,NOV,LFPO,Paris - Orly,France,8022,6817,76,6741,86381.43917,19466.8275,
2022,11,NOV,LFSB,Bâle-Mulhouse,France,2595,1705,26,1679,19185.24833,4504.11833,
2022,11,NOV,UGKO,Kutaisi,Georgia,,,,,,,NO DATA RECEIVED
2022,11,NOV,UGSB,Batumi,Georgia,,,,,,,NO DATA RECEIVED
2022,11,NOV,UGTB,Tbilisi,Georgia,,,,,,,NO DATA RECEIVED
2022,11,NOV,EDDB,Berlin - Brandenburg,Germany,6430,5538,89,5449,64232.775,10999.50833,
2022,11,NOV,EDDC,Dresden,Germany,448,359,13,346,3929.49833,658.385,
2022,11,NOV,EDDE,Erfurt,Germany,160,40,40,0,,,NO REF FLIGHT
2022,11,NOV,EDDF,Frankfurt,Germany,16265,14524,77,14447,182791.87,42652.49667,
2022,11,NOV,EDDG,Muenster-Osnabrueck,Germany,421,120,14,106,1183.01,249.80667,
2022,11,NOV,EDDH,Hamburg,Germany,4215,3637,65,3572,44412.25333,8562.76333,
2022,11,NOV,EDDK,Cologne-Bonn,Germany,4236,2144,114,2030,23907.850000000002,4348.03333,
2022,11,NOV,EDDL,Dusseldorf,Germany,5181,4553,3,4550,52543.130000000005,8819.30333,
2022,11,NOV,EDDM,Munich,Germany,11843,10625,0,10625,121857.65000000001,27984.66667,
2022,11,NOV,EDDN,Nuremberg,Germany,1692,871,78,793,9173.80083,1715.46583,
2022,11,NOV,EDDP,Leipzig-Halle,Germany,3382,1348,100,1248,14473.880000000001,2155.82,
2022,11,NOV,EDDR,Saarbruecken,Germany,189,130,59,71,736.32917,347.75417,
2022,11,NOV,EDDS,Stuttgart,Germany,3467,2411,0,2411,27500.73,4194.53667,
2022,11,NOV,EDDT,Berlin - Tegel,Germany,,,,,,,NO DATA RECEIVED
2022,11,NOV,EDDV,Hanover,Germany,2184,1142,100,1042,11437.78417,2412.6325,
2022,11,NOV,EDDW,Bremen,Germany,1113,609,40,569,6537.18667,1098.78,
2022,11,NOV,LGAV,Athens,Greece,7031,5681,167,5514,62119.46333,16328.05333,
2022,11,NOV,LHBP,Budapest - Ferihegy,Hungary,3860,2864,11,2853,34881.675,6546.14167,
2022,11,NOV,BIKF,Keflavik,Iceland,,,,,,,NO DATA RECEIVED
2022,11,NOV,EICK,Cork,Ireland,1425,558,17,541,6255.04167,1427.4916699999999,
2022,11,NOV,EIDW,Dublin,Ireland,8598,6740,383,6357,68298.53667,21325.29667,
2022,11,NOV,LLBG,Tel Aviv - Ben Gurion International,Israel,,,,,,,NO DATA RECEIVED
2022,11,NOV,LICC,Catania,Italy,2191,1864,10,1854,19796.82083,7820.89583,
2022,11,NOV,LIMC,Milan - Malpensa,Italy,6918,5359,0,5359,59334.63333,18893.13333,
2022,11,NOV,LIME,Bergamo,Italy,3586,2836,49,2787,33391.36667,5618.9000000000005,
2022,11,NOV,LIMF,Torino Caselle,Italy,,,,,,,DATA ISSUE
2022,11,NOV,LIML,Milan - Linate,Italy,4436,3815,0,3815,39661.83333,9681.35,
2022,11,NOV,LIPE,Bologna,Italy,,,,,,,NO PREVIOUS RSLT
2022,11,NOV,LIPZ,Venice,Italy,2625,2151,59,2092,21398.58333,4795.05,
2022,11,NOV,LIRA,Rome - Ciampino,Italy,,,,,,,NO DATA RECEIVED
2022,11,NOV,LIRF,Rome - Fiumicino,Italy,8366,7238,60,7178,76562.59,21290.34333,
2022,11,NOV,LIRN,Naples,Italy,2345,1953,15,1938,21512.03333,6960.18333,
2022,11,NOV,EVRA,Riga,Latvia,2087,1441,1,1440,15869.5475,3378.31917,
2022,11,NOV,EYVI,Vilnius,Lithuania,,,,,,,NO DATA RECEIVED
2022,11,NOV,ELLX,Luxembourg,Luxembourg,3009,2219,0,2219,25402.4625,5310.77083,
2022,11,NOV,LMML,Malta,Malta,2173,1403,33,1370,14310.52,5955.93,
2022,11,NOV,GMMN,Mohammed V International,Morocco,,,,,,,NO DATA RECEIVED
2022,11,NOV,GMMX,Menara,Morocco,,,,,,,NO DATA RECEIVED
2022,11,NOV,EHAM,Amsterdam - Schiphol,Netherlands,16068,14059,13,14046,168121.81917,40082.0975,
2022,11,NOV,ENBR,Bergen,Norway,,,,,,,NO DATA RECEIVED
2022,11,NOV,ENGM,Oslo - Gardermoen,Norway,8702,7607,40,7567,84864.93667,20877.03,
2022,11,NOV,ENVA,Trondheim,Norway,,,,,,,NO DATA RECEIVED
2022,11,NOV,ENZV,Stavanger,Norway,,,,,,,NO DATA RECEIVED
2022,11,NOV,EPWA,Warszawa - Chopina,Poland,5798,4746,1,4745,52543.16833,11755.365,
2022,11,NOV,LPFR,Faro,Portugal,1453,1293,24,1269,14180.3625,2228.70417,
2022,11,NOV,LPPR,Porto,Portugal,3333,2736,7,2729,32504.40083,8158.79917,
2022,11,NOV,LPPT,Lisbon,Portugal,8360,6850,7,6843,84038.77083,20408.84583,
2022,11,NOV,LROP,Bucharest - Otopeni,Romania,4051,2880,49,2831,29083.22333,6635.94333,
2022,11,NOV,LZIB,Bratislava,Slovakia,717,355,28,327,3567.07083,1039.9625,
2022,11,NOV,LJLJ,Ljubljana,Slovenia,768,566,6,560,6306.70083,1458.7825,
2022,11,NOV,GCFV,Fuerteventura,Spain,2038,1957,1,1956,23536.84,4847.76,
2022,11,NOV,GCLP,Gran Canaria,Spain,5396,4169,47,4122,51678.89167,15764.79167,
2022,11,NOV,GCRR,Lanzarote,Spain,2610,2467,18,2449,30727.15,5242.75,
2022,11,NOV,GCTS,Tenerife Sur - Reina Sofia,Spain,3521,3147,13,3134,37740.200000000004,8616.9,
2022,11,NOV,GCXO,Tenerife North,Spain,2870,1449,1,1448,15648.28417,2836.16583,
2022,11,NOV,LEAL,Alicante,Spain,3092,2788,44,2744,32274.56667,7207.6500000000005,
2022,11,NOV,LEBB,Bilbao,Spain,1591,1293,0,1293,15102.5225,3703.99417,
2022,11,NOV,LEBL,Barcelona,Spain,10799,8920,26,8894,105248.86417,24825.43583,
2022,11,NOV,LEIB,Ibiza,Spain,1332,810,1,809,9002.825,1755.09167,
2022,11,NOV,LEMD,Madrid - Barajas,Spain,14953,12271,115,12156,140088.91333,35691.90333,
2022,11,NOV,LEMG,Málaga,Spain,4690,3915,14,3901,48426.19,11494.59333,
2022,11,NOV,LEPA,Palma de Mallorca,Spain,4396,3135,3,3132,37022.95833,5473.04167,
2022,11,NOV,LEVC,Valencia,Spain,2554,2021,0,2021,23523.31667,4478.21667,
2022,11,NOV,LEZL,Sevilla,Spain,2344,1788,20,1768,19220.03333,3533.35,
2022,11,NOV,ESGG,Göteborg,Sweden,1929,1507,31,1476,16442.46333,3577.40333,
2022,11,NOV,ESSA,Stockholm - Arlanda,Sweden,7373,6078,0,6078,70370.16833,13982.015,
2022,11,NOV,LSGG,Geneva,Switzerland,5693,4738,0,4738,54660.40833,12982.60833,
2022,11,NOV,LSZH,Zürich,Switzerland,8520,7433,21,7412,87837.3625,20124.07083,
2022,11,NOV,LTAI,Antalya,Türkiye,,,,,,,NO DATA RECEIVED
2022,11,NOV,LTFJ,Istanbul - Sabiha Gökçen,Türkiye,,,,,,,NO DATA RECEIVED
2022,11,NOV,LTFM,Istanbul,Türkiye,18481,12249,102,12147,152376.46917,50969.11417,
2022,11,NOV,EGBB,Birmingham,United Kingdom,2941,2592,0,2592,30007.15,8443.93333,
2022,11,NOV,EGCC,Manchester,United Kingdom,,,,,,,NO DATA RECEIVED
2022,11,NOV,EGGD,Bristol,United Kingdom,1974,1474,12,1462,17107.3875,3274.4625,
2022,11,NOV,EGGW,London - Luton,United Kingdom,3984,3030,8,3022,40421.55417,10227.2125,
2022,11,NOV,EGKK,London - Gatwick,United Kingdom,7439,6057,0,6057,77026.23333,18501.08333,
2022,11,NOV,EGLC,London - City,United Kingdom,2218,2107,38,2069,22119.27583,5211.32417,
2022,11,NOV,EGLL,London - Heathrow,United Kingdom,17250,15206,58,15148,194973.81333,98523.92,
2022,11,NOV,EGNT,Newcastle,United Kingdom,1393,1021,92,929,10862.80667,1854.89333,
2022,11,NOV,EGPD,Aberdeen,United Kingdom,1661,1455,2,1453,16588.15333,5012.78,
2022,11,NOV,EGPF,Glasgow,United Kingdom,2343,1882,37,1845,21906.07,4853.9800000000005,
2022,11,NOV,EGPH,Edinburgh,United Kingdom,3762,3085,51,3034,37136.12333,8444.16,
2022,11,NOV,EGSS,London - Stansted,United Kingdom,6830,5186,28,5158,63822.17,13613.93,
2022,12,DEC,LOWW,Vienna,Austria,8216,6971,0,6971,76758.5325,20180.00083,
2022,12,DEC,EBBR,Brussels,Belgium,6819,5311,138,5173,57662.36833,13164.93167,
2022,12,DEC,EBCI,Brussels - Charleroi,Belgium,2398,1765,46,1719,19040.07833,3704.4550000000004,
2022,12,DEC,LBSF,Sofia,Bulgaria,2119,1623,45,1578,16730.965,4603.01833,
2022,12,DEC,LDZA,Zagreb,Croatia,1691,1447,0,1447,16011.93,4312.90333,
2022,12,DEC,LKPR,Prague,Czech Republic,3641,3029,0,3029,33577.295,8496.27167,
2022,12,DEC,EKCH,Copenhagen - Kastrup,Denmark,7826,6407,127,6280,71948.05417,15760.6625,
2022,12,DEC,EETN,Tallinn,Estonia,1302,682,11,671,7218.6075,1810.70917,
2022,12,DEC,EFHK,Helsinki - Vantaa,Finland,5777,3933,49,3884,41115.26083,10306.48917,
2022,12,DEC,LFBO,Toulouse-Blagnac,France,2882,2457,61,2396,27848.350000000002,4179.2,
2022,12,DEC,LFLL,Lyon-Saint-Exupéry,France,3446,2885,0,2885,32224.05917,5772.8575,
2022,12,DEC,LFML,Marseille-Provence,France,3633,2901,65,2836,25089.41167,10909.67167,
2022,12,DEC,LFMN,Nice-Côte d’Azur,France,4312,3835,37,3798,42596.68667,13189.86333,
2022,12,DEC,LFPG,Paris - Charles-de-Gaulle,France,17621,14267,195,14072,189289.39833,38267.885,
2022,12,DEC,LFPO,Paris - Orly,France,8394,7010,86,6924,86449.38333,20228.61667,
2022,12,DEC,LFSB,Bâle-Mulhouse,France,2706,1856,44,1812,20616.81167,5243.905000000001,
2022,12,DEC,UGKO,Kutaisi,Georgia,,,,,,,NO DATA RECEIVED
2022,12,DEC,UGSB,Batumi,Georgia,,,,,,,NO DATA RECEIVED
2022,12,DEC,UGTB,Tbilisi,Georgia,,,,,,,NO DATA RECEIVED
2022,12,DEC,EDDB,Berlin - Brandenburg,Germany,6079,5183,61,5122,61207.75917,11091.22417,
2022,12,DEC,EDDC,Dresden,Germany,351,296,14,282,3148.99333,682.5566699999999,
2022,12,DEC,EDDE,Erfurt,Germany,108,41,41,0,,,NO REF FLIGHT
2022,12,DEC,EDDF,Frankfurt,Germany,15104,13362,102,13260,172679.87333,43481.84333,
2022,12,DEC,EDDG,Muenster-Osnabrueck,Germany,567,255,25,230,2553.74917,635.4175,
2022,12,DEC,EDDH,Hamburg,Germany,3784,3253,107,3146,37629.41,7062.99,
2022,12,DEC,EDDK,Cologne-Bonn,Germany,4082,1992,101,1891,21930.73333,4496.86667,
2022,12,DEC,EDDL,Dusseldorf,Germany,4700,3991,3,3988,47230.22583,8413.32417,
2022,12,DEC,EDDM,Munich,Germany,10715,9595,1,9594,109859.21167,25155.38833,
2022,12,DEC,EDDN,Nuremberg,Germany,1564,833,62,771,9011.46667,1800.76667,
2022,12,DEC,EDDP,Leipzig-Halle,Germany,3157,1150,85,1065,12242.87333,2375.24333,
2022,12,DEC,EDDR,Saarbruecken,Germany,126,93,48,45,467.0625,127.48750000000001,
2022,12,DEC,EDDS,Stuttgart,Germany,2827,2012,0,2012,23193.02667,4164.27333,
2022,12,DEC,EDDT,Berlin - Tegel,Germany,,,,,,,NO DATA RECEIVED
2022,12,DEC,EDDV,Hanover,Germany,1649,992,95,897,9842.82667,2280.67333,
2022,12,DEC,EDDW,Bremen,Germany,891,528,40,488,5674.29417,1078.25583,
2022,12,DEC,LGAV,Athens,Greece,7204,5795,117,5678,63645.0375,16236.2625,
2022,12,DEC,LHBP,Budapest - Ferihegy,Hungary,3895,2885,12,2873,34716.64083,5731.9425,
2022,12,DEC,BIKF,Keflavik,Iceland,,,,,,,NO DATA RECEIVED
2022,12,DEC,EICK,Cork,Ireland,1337,542,4,538,6054.79,1063.06,
2022,12,DEC,EIDW,Dublin,Ireland,8503,6582,127,6455,70619.20083,24180.59917,
2022,12,DEC,LLBG,Tel Aviv - Ben Gurion International,Israel,,,,,,,NO DATA RECEIVED
2022,12,DEC,LICC,Catania,Italy,2472,2096,21,2075,22145.88333,7757.53333,
2022,12,DEC,LIMC,Milan - Malpensa,Italy,7263,5528,6,5522,60271.73333,18143.06667,
2022,12,DEC,LIME,Bergamo,Italy,3758,2906,26,2880,34562.545,7634.92167,
2022,12,DEC,LIMF,Torino Caselle,Italy,,,,,,,DATA ISSUE
2022,12,DEC,LIML,Milan - Linate,Italy,4331,3739,0,3739,38526.14667,11208.98667,
2022,12,DEC,LIPE,Bologna,Italy,,,,,,,NO PREVIOUS RSLT
2022,12,DEC,LIPZ,Venice,Italy,2775,2248,5,2243,22681.97667,4565.65667,
2022,12,DEC,LIRA,Rome - Ciampino,Italy,,,,,,,NO DATA RECEIVED
2022,12,DEC,LIRF,Rome - Fiumicino,Italy,8863,7618,10,7608,78598.77417,22176.8425,
2022,12,DEC,LIRN,Naples,Italy,2582,2128,9,2119,23495.42917,5838.1875,
2022,12,DEC,EVRA,Riga,Latvia,2192,1496,12,1484,16585.39167,3776.925,
2022,12,DEC,EYVI,Vilnius,Lithuania,,,,,,,NO DATA RECEIVED
2022,12,DEC,ELLX,Luxembourg,Luxembourg,3046,2175,0,2175,24850.81583,5053.45083,
2022,12,DEC,LMML,Malta,Malta,2285,1400,26,1374,14345.09167,5364.14167,
2022,12,DEC,GMMN,Mohammed V International,Morocco,,,,,,,NO DATA RECEIVED
2022,12,DEC,GMMX,Menara,Morocco,,,,,,,NO DATA RECEIVED
2022,12,DEC,EHAM,Amsterdam - Schiphol,Netherlands,16150,14096,59,14037,167363.2225,40203.1775,
2022,12,DEC,ENBR,Bergen,Norway,,,,,,,NO DATA RECEIVED
2022,12,DEC,ENGM,Oslo - Gardermoen,Norway,7895,6719,50,6669,73921.12917,19294.10417,
2022,12,DEC,ENVA,Trondheim,Norway,,,,,,,NO DATA RECEIVED
2022,12,DEC,ENZV,Stavanger,Norway,,,,,,,NO DATA RECEIVED
2022,12,DEC,EPWA,Warszawa - Chopina,Poland,5877,4707,7,4700,52425.755,12152.21167,
2022,12,DEC,LPFR,Faro,Portugal,1364,1196,20,1176,13236.19667,2312.18667,
2022,12,DEC,LPPR,Porto,Portugal,3672,3023,11,3012,36401.2325,9029.10083,
2022,12,DEC,LPPT,Lisbon,Portugal,8543,6971,6,6965,82101.58,22578.23667,
2022,12,DEC,LROP,Bucharest - Otopeni,Romania,4103,2934,14,2920,30862.13583,6758.08083,
2022,12,DEC,LZIB,Bratislava,Slovakia,588,334,52,282,3068.03833,790.76167,
2022,12,DEC,LJLJ,Ljubljana,Slovenia,720,536,2,534,6048.375,1383.15833,
2022,12,DEC,GCFV,Fuerteventura,Spain,2144,2062,2,2060,24509.67167,5017.22833,
2022,12,DEC,GCLP,Gran Canaria,Spain,5719,4450,119,4331,52417.335,14327.965,
2022,12,DEC,GCRR,Lanzarote,Spain,2866,2715,183,2532,31074.13667,6251.13,
2022,12,DEC,GCTS,Tenerife Sur - Reina Sofia,Spain,3741,3327,22,3305,38273.81667,8839.08333,
2022,12,DEC,GCXO,Tenerife North,Spain,2906,1508,0,1508,16376.300000000001,3674.06667,
2022,12,DEC,LEAL,Alicante,Spain,2996,2678,38,2640,30965.1075,6603.82583,
2022,12,DEC,LEBB,Bilbao,Spain,1615,1299,0,1299,15271.42167,3183.61167,
2022,12,DEC,LEBL,Barcelona,Spain,11038,9089,83,9006,105880.87333,23961.04333,
2022,12,DEC,LEIB,Ibiza,Spain,1327,835,0,835,9225.9,1703.38333,
2022,12,DEC,LEMD,Madrid - Barajas,Spain,15346,12489,120,12369,142502.17083,34571.9625,
2022,12,DEC,LEMG,Málaga,Spain,4811,3985,34,3951,47512.62333,10269.91,
2022,12,DEC,LEPA,Palma de Mallorca,Spain,4243,2996,1,2995,35333.76333,5002.25333,
2022,12,DEC,LEVC,Valencia,Spain,2627,2047,0,2047,23715.83,4054.27,
2022,12,DEC,LEZL,Sevilla,Spain,2218,1775,47,1728,19275.9025,4330.1975,
2022,12,DEC,ESGG,Göteborg,Sweden,1843,1439,39,1400,15494.97917,4026.82083,
2022,12,DEC,ESSA,Stockholm - Arlanda,Sweden,6930,5647,0,5647,65430.85583,13384.79417,
2022,12,DEC,LSGG,Geneva,Switzerland,6933,5910,0,5910,69247.465,23431.00167,
2022,12,DEC,LSZH,Zürich,Switzerland,8755,7558,62,7496,88993.87333,23305.74333,
2022,12,DEC,LTAI,Antalya,Türkiye,,,,,,,NO DATA RECEIVED
2022,12,DEC,LTFJ,Istanbul - Sabiha Gökçen,Türkiye,,,,,,,NO DATA RECEIVED
2022,12,DEC,LTFM,Istanbul,Türkiye,18711,12549,179,12370,158149.21,47927.74,
2022,12,DEC,EGBB,Birmingham,United Kingdom,3056,2663,0,2663,30751.32167,8083.12833,
2022,12,DEC,EGCC,Manchester,United Kingdom,,,,,,,NO DATA RECEIVED
2022,12,DEC,EGGD,Bristol,United Kingdom,2122,1598,2,1596,18472.61667,3789.85,
2022,12,DEC,EGGW,London - Luton,United Kingdom,4606,3524,28,3496,47250.16417,12040.23583,
2022,12,DEC,EGKK,London - Gatwick,United Kingdom,8711,7042,0,7042,88502.70583,32311.54417,
2022,12,DEC,EGLC,London - City,United Kingdom,1941,1867,59,1808,19482.75667,4295.27667,
2022,12,DEC,EGLL,London - Heathrow,United Kingdom,17226,15207,57,15150,198716.01667,98828.61667,
2022,12,DEC,EGNT,Newcastle,United Kingdom,1391,1020,126,894,10404.26,2158.22333,
2022,12,DEC,EGPD,Aberdeen,United Kingdom,1458,1248,0,1248,14035.24667,4356.40333,
2022,12,DEC,EGPF,Glasgow,United Kingdom,2296,1799,63,1736,20443.90667,4421.79333,
2022,12,DEC,EGPH,Edinburgh,United Kingdom,3867,3177,58,3119,37835.71917,8596.28083,
2022,12,DEC,EGSS,London - Stansted,United Kingdom,6947,5291,24,5267,69078.85,16646.46667,
